geo_value,reference_date,report_date,value
ak,2025-01-04,2025-01-08,289
ak,2025-01-04,2025-01-10,286
ak,2025-01-04,2025-01-15,283
ak,2025-01-04,2025-01-17,279
ak,2025-01-04,2025-01-24,269
ak,2025-01-04,2025-01-29,268
ak,2025-01-04,2025-01-31,273
ak,2025-01-04,2025-02-05,267
ak,2025-01-04,2025-02-07,265
ak,2025-01-04,2025-02-12,264
ak,2025-01-04,2025-02-15,264
ak,2025-01-04,2025-02-19,264
ak,2025-01-04,2025-02-20,264
ak,2025-01-04,2025-02-22,264
ak,2025-01-04,2025-02-26,264
ak,2025-01-04,2025-02-28,264
ak,2025-01-04,2025-03-05,264
ak,2025-01-04,2025-03-07,264
ak,2025-01-04,2025-03-12,264
ak,2025-01-04,2025-03-14,264
ak,2025-01-04,2025-03-19,264
ak,2025-01-04,2025-03-21,264
ak,2025-01-04,2025-03-26,264
ak,2025-01-04,2025-03-28,264
ak,2025-01-04,2025-04-02,264
ak,2025-01-04,2025-04-04,264
ak,2025-01-04,2025-04-09,264
ak,2025-01-04,2025-04-11,264
ak,2025-01-04,2025-04-16,264
ak,2025-01-04,2025-04-18,264
ak,2025-01-04,2025-04-23,264
ak,2025-01-04,2025-04-25,264
ak,2025-01-04,2025-04-30,264
ak,2025-01-04,2025-05-02,264
ak,2025-01-04,2025-05-07,264
ak,2025-01-04,2025-05-09,264
ak,2025-01-04,2025-05-14,264
ak,2025-01-04,2025-05-16,264
ak,2025-01-04,2025-05-21,264
ak,2025-01-04,2025-05-23,264
ak,2025-01-04,2025-05-28,264
ak,2025-01-04,2025-05-30,264
ak,2025-01-04,2025-06-04,264
ak,2025-01-04,2025-06-06,264
ak,2025-01-04,2025-06-11,264
ak,2025-01-04,2025-06-13,264
ak,2025-01-04,2025-06-18,264
ak,2025-01-04,2025-06-20,264
ak,2025-01-04,2025-06-25,264
ak,2025-01-04,2025-06-27,264
ak,2025-01-04,2025-07-02,264
ak,2025-01-04,2025-07-07,264
ak,2025-01-04,2025-07-09,264
ak,2025-01-04,2025-07-11,264
ak,2025-01-04,2025-07-16,264
ak,2025-01-04,2025-07-18,264
ak,2025-01-04,2025-07-23,264
ak,2025-01-04,2025-07-25,264
ak,2025-01-04,2025-07-30,264
ak,2025-01-04,2025-08-01,264
ak,2025-01-04,2025-08-06,264
ak,2025-01-04,2025-08-08,264
ak,2025-01-04,2025-08-13,264
ak,2025-01-04,2025-08-15,264
ak,2025-01-04,2025-08-20,264
ak,2025-01-04,2025-08-22,264
ak,2025-01-04,2025-08-27,264
ak,2025-01-04,2025-08-29,264
ak,2025-01-04,2025-09-03,264
ak,2025-01-04,2025-09-05,264
ak,2025-01-04,2025-09-10,264
ak,2025-01-04,2025-09-12,264
ak,2025-01-04,2025-09-17,264
ak,2025-01-04,2025-09-19,264
ak,2025-01-04,2025-09-24,264
ak,2025-01-04,2025-09-26,264
ak,2025-01-04,2025-11-14,264
ak,2025-01-04,2025-11-19,264
ak,2025-01-04,2025-11-21,264
ak,2025-01-04,2025-11-26,264
ak,2025-01-04,2025-12-01,264
ak,2025-01-04,2025-12-03,264
ak,2025-01-04,2025-12-05,264
ak,2025-01-04,2025-12-10,264
ak,2025-01-04,2025-12-12,264
ak,2025-01-04,2025-12-17,264
ak,2025-01-04,2025-12-19,264
ak,2025-01-04,2025-12-24,264
ak,2025-01-04,2025-12-30,264
ak,2025-01-04,2025-12-31,264
ak,2025-01-11,2025-01-15,81
ak,2025-01-11,2025-01-17,85
ak,2025-01-11,2025-01-24,83
ak,2025-01-11,2025-01-29,83
ak,2025-01-11,2025-01-31,83
ak,2025-01-11,2025-02-05,84
ak,2025-01-11,2025-02-07,85
ak,2025-01-11,2025-02-12,85
ak,2025-01-11,2025-02-15,85
ak,2025-01-11,2025-02-19,85
ak,2025-01-11,2025-02-20,85
ak,2025-01-11,2025-02-22,85
ak,2025-01-11,2025-02-26,85
ak,2025-01-11,2025-02-28,85
ak,2025-01-11,2025-03-05,85
ak,2025-01-11,2025-03-07,85
ak,2025-01-11,2025-03-12,85
ak,2025-01-11,2025-03-14,85
ak,2025-01-11,2025-03-19,85
ak,2025-01-11,2025-03-21,85
ak,2025-01-11,2025-03-26,85
ak,2025-01-11,2025-03-28,85
ak,2025-01-11,2025-04-02,85
ak,2025-01-11,2025-04-04,85
ak,2025-01-11,2025-04-09,85
ak,2025-01-11,2025-04-11,85
ak,2025-01-11,2025-04-16,85
ak,2025-01-11,2025-04-18,85
ak,2025-01-11,2025-04-23,85
ak,2025-01-11,2025-04-25,85
ak,2025-01-11,2025-04-30,85
ak,2025-01-11,2025-05-02,85
ak,2025-01-11,2025-05-07,85
ak,2025-01-11,2025-05-09,85
ak,2025-01-11,2025-05-14,85
ak,2025-01-11,2025-05-16,85
ak,2025-01-11,2025-05-21,85
ak,2025-01-11,2025-05-23,85
ak,2025-01-11,2025-05-28,85
ak,2025-01-11,2025-05-30,85
ak,2025-01-11,2025-06-04,85
ak,2025-01-11,2025-06-06,85
ak,2025-01-11,2025-06-11,85
ak,2025-01-11,2025-06-13,85
ak,2025-01-11,2025-06-18,85
ak,2025-01-11,2025-06-20,85
ak,2025-01-11,2025-06-25,85
ak,2025-01-11,2025-06-27,85
ak,2025-01-11,2025-07-02,85
ak,2025-01-11,2025-07-07,85
ak,2025-01-11,2025-07-09,85
ak,2025-01-11,2025-07-11,85
ak,2025-01-11,2025-07-16,85
ak,2025-01-11,2025-07-18,85
ak,2025-01-11,2025-07-23,85
ak,2025-01-11,2025-07-25,85
ak,2025-01-11,2025-07-30,85
ak,2025-01-11,2025-08-01,85
ak,2025-01-11,2025-08-06,85
ak,2025-01-11,2025-08-08,85
ak,2025-01-11,2025-08-13,85
ak,2025-01-11,2025-08-15,85
ak,2025-01-11,2025-08-20,85
ak,2025-01-11,2025-08-22,85
ak,2025-01-11,2025-08-27,85
ak,2025-01-11,2025-08-29,85
ak,2025-01-11,2025-09-03,85
ak,2025-01-11,2025-09-05,85
ak,2025-01-11,2025-09-10,85
ak,2025-01-11,2025-09-12,85
ak,2025-01-11,2025-09-17,85
ak,2025-01-11,2025-09-19,85
ak,2025-01-11,2025-09-24,85
ak,2025-01-11,2025-09-26,85
ak,2025-01-11,2025-11-14,85
ak,2025-01-11,2025-11-19,85
ak,2025-01-11,2025-11-21,85
ak,2025-01-11,2025-11-26,85
ak,2025-01-11,2025-12-01,85
ak,2025-01-11,2025-12-03,85
ak,2025-01-11,2025-12-05,85
ak,2025-01-11,2025-12-10,85
ak,2025-01-11,2025-12-12,85
ak,2025-01-11,2025-12-17,85
ak,2025-01-11,2025-12-19,85
ak,2025-01-11,2025-12-24,85
ak,2025-01-11,2025-12-30,85
ak,2025-01-11,2025-12-31,85
ak,2025-01-18,2025-01-24,337
ak,2025-01-18,2025-01-29,313
ak,2025-01-18,2025-01-31,324
ak,2025-01-18,2025-02-05,322
ak,2025-01-18,2025-02-07,312
ak,2025-01-18,2025-02-12,316
ak,2025-01-18,2025-02-15,316
ak,2025-01-18,2025-02-19,310
ak,2025-01-18,2025-02-20,311
ak,2025-01-18,2025-02-22,309
ak,2025-01-18,2025-02-26,309
ak,2025-01-18,2025-02-28,309
ak,2025-01-18,2025-03-05,309
ak,2025-01-18,2025-03-07,309
ak,2025-01-18,2025-03-12,309
ak,2025-01-18,2025-03-14,309
ak,2025-01-18,2025-03-19,309
ak,2025-01-18,2025-03-21,309
ak,2025-01-18,2025-03-26,309
ak,2025-01-18,2025-03-28,309
ak,2025-01-18,2025-04-02,309
ak,2025-01-18,2025-04-04,309
ak,2025-01-18,2025-04-09,309
ak,2025-01-18,2025-04-11,309
ak,2025-01-18,2025-04-16,309
ak,2025-01-18,2025-04-18,309
ak,2025-01-18,2025-04-23,309
ak,2025-01-18,2025-04-25,309
ak,2025-01-18,2025-04-30,309
ak,2025-01-18,2025-05-02,309
ak,2025-01-18,2025-05-07,309
ak,2025-01-18,2025-05-09,309
ak,2025-01-18,2025-05-14,309
ak,2025-01-18,2025-05-16,309
ak,2025-01-18,2025-05-21,309
ak,2025-01-18,2025-05-23,309
ak,2025-01-18,2025-05-28,309
ak,2025-01-18,2025-05-30,309
ak,2025-01-18,2025-06-04,309
ak,2025-01-18,2025-06-06,309
ak,2025-01-18,2025-06-11,309
ak,2025-01-18,2025-06-13,309
ak,2025-01-18,2025-06-18,309
ak,2025-01-18,2025-06-20,309
ak,2025-01-18,2025-06-25,309
ak,2025-01-18,2025-06-27,309
ak,2025-01-18,2025-07-02,309
ak,2025-01-18,2025-07-07,309
ak,2025-01-18,2025-07-09,309
ak,2025-01-18,2025-07-11,309
ak,2025-01-18,2025-07-16,309
ak,2025-01-18,2025-07-18,309
ak,2025-01-18,2025-07-23,309
ak,2025-01-18,2025-07-25,309
ak,2025-01-18,2025-07-30,309
ak,2025-01-18,2025-08-01,309
ak,2025-01-18,2025-08-06,309
ak,2025-01-18,2025-08-08,309
ak,2025-01-18,2025-08-13,309
ak,2025-01-18,2025-08-15,309
ak,2025-01-18,2025-08-20,309
ak,2025-01-18,2025-08-22,309
ak,2025-01-18,2025-08-27,309
ak,2025-01-18,2025-08-29,309
ak,2025-01-18,2025-09-03,309
ak,2025-01-18,2025-09-05,309
ak,2025-01-18,2025-09-10,309
ak,2025-01-18,2025-09-12,309
ak,2025-01-18,2025-09-17,309
ak,2025-01-18,2025-09-19,309
ak,2025-01-18,2025-09-24,309
ak,2025-01-18,2025-09-26,309
ak,2025-01-18,2025-11-14,309
ak,2025-01-18,2025-11-19,309
ak,2025-01-18,2025-11-21,309
ak,2025-01-18,2025-11-26,309
ak,2025-01-18,2025-12-01,309
ak,2025-01-18,2025-12-03,309
ak,2025-01-18,2025-12-05,309
ak,2025-01-18,2025-12-10,309
ak,2025-01-18,2025-12-12,309
ak,2025-01-18,2025-12-17,309
ak,2025-01-18,2025-12-19,309
ak,2025-01-18,2025-12-24,309
ak,2025-01-18,2025-12-30,309
ak,2025-01-18,2025-12-31,309
ak,2025-01-25,2025-01-29,325
ak,2025-01-25,2025-01-31,333
ak,2025-01-25,2025-02-05,326
ak,2025-01-25,2025-02-07,343
ak,2025-01-25,2025-02-12,364
ak,2025-01-25,2025-02-15,370
ak,2025-01-25,2025-02-19,397
ak,2025-01-25,2025-02-20,399
ak,2025-01-25,2025-02-22,402
ak,2025-01-25,2025-02-26,418
ak,2025-01-25,2025-02-28,424
ak,2025-01-25,2025-03-05,428
ak,2025-01-25,2025-03-07,428
ak,2025-01-25,2025-03-12,428
ak,2025-01-25,2025-03-14,428
ak,2025-01-25,2025-03-19,428
ak,2025-01-25,2025-03-21,428
ak,2025-01-25,2025-03-26,428
ak,2025-01-25,2025-03-28,428
ak,2025-01-25,2025-04-02,428
ak,2025-01-25,2025-04-04,428
ak,2025-01-25,2025-04-09,428
ak,2025-01-25,2025-04-11,428
ak,2025-01-25,2025-04-16,428
ak,2025-01-25,2025-04-18,428
ak,2025-01-25,2025-04-23,428
ak,2025-01-25,2025-04-25,428
ak,2025-01-25,2025-04-30,428
ak,2025-01-25,2025-05-02,428
ak,2025-01-25,2025-05-07,428
ak,2025-01-25,2025-05-09,428
ak,2025-01-25,2025-05-14,428
ak,2025-01-25,2025-05-16,428
ak,2025-01-25,2025-05-21,428
ak,2025-01-25,2025-05-23,428
ak,2025-01-25,2025-05-28,428
ak,2025-01-25,2025-05-30,428
ak,2025-01-25,2025-06-04,428
ak,2025-01-25,2025-06-06,428
ak,2025-01-25,2025-06-11,428
ak,2025-01-25,2025-06-13,428
ak,2025-01-25,2025-06-18,428
ak,2025-01-25,2025-06-20,428
ak,2025-01-25,2025-06-25,428
ak,2025-01-25,2025-06-27,428
ak,2025-01-25,2025-07-02,428
ak,2025-01-25,2025-07-07,428
ak,2025-01-25,2025-07-09,428
ak,2025-01-25,2025-07-11,428
ak,2025-01-25,2025-07-16,428
ak,2025-01-25,2025-07-18,428
ak,2025-01-25,2025-07-23,428
ak,2025-01-25,2025-07-25,428
ak,2025-01-25,2025-07-30,428
ak,2025-01-25,2025-08-01,428
ak,2025-01-25,2025-08-06,428
ak,2025-01-25,2025-08-08,428
ak,2025-01-25,2025-08-13,428
ak,2025-01-25,2025-08-15,428
ak,2025-01-25,2025-08-20,428
ak,2025-01-25,2025-08-22,428
ak,2025-01-25,2025-08-27,428
ak,2025-01-25,2025-08-29,428
ak,2025-01-25,2025-09-03,428
ak,2025-01-25,2025-09-05,428
ak,2025-01-25,2025-09-10,428
ak,2025-01-25,2025-09-12,428
ak,2025-01-25,2025-09-17,428
ak,2025-01-25,2025-09-19,428
ak,2025-01-25,2025-09-24,428
ak,2025-01-25,2025-09-26,428
ak,2025-01-25,2025-11-14,428
ak,2025-01-25,2025-11-19,428
ak,2025-01-25,2025-11-21,428
ak,2025-01-25,2025-11-26,428
ak,2025-01-25,2025-12-01,428
ak,2025-01-25,2025-12-03,428
ak,2025-01-25,2025-12-05,428
ak,2025-01-25,2025-12-10,428
ak,2025-01-25,2025-12-12,428
ak,2025-01-25,2025-12-17,428
ak,2025-01-25,2025-12-19,428
ak,2025-01-25,2025-12-24,428
ak,2025-01-25,2025-12-30,428
ak,2025-01-25,2025-12-31,428
ak,2025-02-01,2025-02-05,84
ak,2025-02-01,2025-02-07,90
ak,2025-02-01,2025-02-12,91
ak,2025-02-01,2025-02-15,93
ak,2025-02-01,2025-02-19,93
ak,2025-02-01,2025-02-20,96
ak,2025-02-01,2025-02-22,98
ak,2025-02-01,2025-02-26,101
ak,2025-02-01,2025-02-28,100
ak,2025-02-01,2025-03-05,104
ak,2025-02-01,2025-03-07,106
ak,2025-02-01,2025-03-12,106
ak,2025-02-01,2025-03-14,106
ak,2025-02-01,2025-03-19,106
ak,2025-02-01,2025-03-21,106
ak,2025-02-01,2025-03-26,106
ak,2025-02-01,2025-03-28,106
ak,2025-02-01,2025-04-02,106
ak,2025-02-01,2025-04-04,106
ak,2025-02-01,2025-04-09,106
ak,2025-02-01,2025-04-11,106
ak,2025-02-01,2025-04-16,106
ak,2025-02-01,2025-04-18,106
ak,2025-02-01,2025-04-23,106
ak,2025-02-01,2025-04-25,106
ak,2025-02-01,2025-04-30,106
ak,2025-02-01,2025-05-02,106
ak,2025-02-01,2025-05-07,106
ak,2025-02-01,2025-05-09,106
ak,2025-02-01,2025-05-14,106
ak,2025-02-01,2025-05-16,106
ak,2025-02-01,2025-05-21,106
ak,2025-02-01,2025-05-23,106
ak,2025-02-01,2025-05-28,106
ak,2025-02-01,2025-05-30,106
ak,2025-02-01,2025-06-04,106
ak,2025-02-01,2025-06-06,106
ak,2025-02-01,2025-06-11,106
ak,2025-02-01,2025-06-13,106
ak,2025-02-01,2025-06-18,106
ak,2025-02-01,2025-06-20,106
ak,2025-02-01,2025-06-25,106
ak,2025-02-01,2025-06-27,106
ak,2025-02-01,2025-07-02,106
ak,2025-02-01,2025-07-07,106
ak,2025-02-01,2025-07-09,106
ak,2025-02-01,2025-07-11,106
ak,2025-02-01,2025-07-16,106
ak,2025-02-01,2025-07-18,106
ak,2025-02-01,2025-07-23,106
ak,2025-02-01,2025-07-25,106
ak,2025-02-01,2025-07-30,106
ak,2025-02-01,2025-08-01,106
ak,2025-02-01,2025-08-06,106
ak,2025-02-01,2025-08-08,106
ak,2025-02-01,2025-08-13,106
ak,2025-02-01,2025-08-15,106
ak,2025-02-01,2025-08-20,106
ak,2025-02-01,2025-08-22,106
ak,2025-02-01,2025-08-27,106
ak,2025-02-01,2025-08-29,106
ak,2025-02-01,2025-09-03,106
ak,2025-02-01,2025-09-05,106
ak,2025-02-01,2025-09-10,106
ak,2025-02-01,2025-09-12,106
ak,2025-02-01,2025-09-17,106
ak,2025-02-01,2025-09-19,106
ak,2025-02-01,2025-09-24,106
ak,2025-02-01,2025-09-26,106
ak,2025-02-01,2025-11-14,106
ak,2025-02-01,2025-11-19,106
ak,2025-02-01,2025-11-21,106
ak,2025-02-01,2025-11-26,106
ak,2025-02-01,2025-12-01,106
ak,2025-02-01,2025-12-03,106
ak,2025-02-01,2025-12-05,106
ak,2025-02-01,2025-12-10,106
ak,2025-02-01,2025-12-12,106
ak,2025-02-01,2025-12-17,106
ak,2025-02-01,2025-12-19,106
ak,2025-02-01,2025-12-24,106
ak,2025-02-01,2025-12-30,106
ak,2025-02-01,2025-12-31,106
ak,2025-02-08,2025-02-12,407
ak,2025-02-08,2025-02-15,414
ak,2025-02-08,2025-02-19,433
ak,2025-02-08,2025-02-20,427
ak,2025-02-08,2025-02-22,433
ak,2025-02-08,2025-02-26,437
ak,2025-02-08,2025-02-28,448
ak,2025-02-08,2025-03-05,446
ak,2025-02-08,2025-03-07,451
ak,2025-02-08,2025-03-12,461
ak,2025-02-08,2025-03-14,465
ak,2025-02-08,2025-03-19,466
ak,2025-02-08,2025-03-21,466
ak,2025-02-08,2025-03-26,466
ak,2025-02-08,2025-03-28,466
ak,2025-02-08,2025-04-02,466
ak,2025-02-08,2025-04-04,466
ak,2025-02-08,2025-04-09,466
ak,2025-02-08,2025-04-11,466
ak,2025-02-08,2025-04-16,466
ak,2025-02-08,2025-04-18,466
ak,2025-02-08,2025-04-23,466
ak,2025-02-08,2025-04-25,466
ak,2025-02-08,2025-04-30,466
ak,2025-02-08,2025-05-02,466
ak,2025-02-08,2025-05-07,466
ak,2025-02-08,2025-05-09,466
ak,2025-02-08,2025-05-14,466
ak,2025-02-08,2025-05-16,466
ak,2025-02-08,2025-05-21,466
ak,2025-02-08,2025-05-23,466
ak,2025-02-08,2025-05-28,466
ak,2025-02-08,2025-05-30,466
ak,2025-02-08,2025-06-04,466
ak,2025-02-08,2025-06-06,466
ak,2025-02-08,2025-06-11,466
ak,2025-02-08,2025-06-13,466
ak,2025-02-08,2025-06-18,466
ak,2025-02-08,2025-06-20,466
ak,2025-02-08,2025-06-25,466
ak,2025-02-08,2025-06-27,466
ak,2025-02-08,2025-07-02,466
ak,2025-02-08,2025-07-07,466
ak,2025-02-08,2025-07-09,466
ak,2025-02-08,2025-07-11,466
ak,2025-02-08,2025-07-16,466
ak,2025-02-08,2025-07-18,466
ak,2025-02-08,2025-07-23,466
ak,2025-02-08,2025-07-25,466
ak,2025-02-08,2025-07-30,466
ak,2025-02-08,2025-08-01,466
ak,2025-02-08,2025-08-06,466
ak,2025-02-08,2025-08-08,466
ak,2025-02-08,2025-08-13,466
ak,2025-02-08,2025-08-15,466
ak,2025-02-08,2025-08-20,466
ak,2025-02-08,2025-08-22,466
ak,2025-02-08,2025-08-27,466
ak,2025-02-08,2025-08-29,466
ak,2025-02-08,2025-09-03,466
ak,2025-02-08,2025-09-05,466
ak,2025-02-08,2025-09-10,466
ak,2025-02-08,2025-09-12,466
ak,2025-02-08,2025-09-17,466
ak,2025-02-08,2025-09-19,466
ak,2025-02-08,2025-09-24,466
ak,2025-02-08,2025-09-26,466
ak,2025-02-08,2025-11-14,466
ak,2025-02-08,2025-11-19,466
ak,2025-02-08,2025-11-21,466
ak,2025-02-08,2025-11-26,466
ak,2025-02-08,2025-12-01,466
ak,2025-02-08,2025-12-03,466
ak,2025-02-08,2025-12-05,466
ak,2025-02-08,2025-12-10,466
ak,2025-02-08,2025-12-12,466
ak,2025-02-08,2025-12-17,466
ak,2025-02-08,2025-12-19,466
ak,2025-02-08,2025-12-24,466
ak,2025-02-08,2025-12-30,466
ak,2025-02-08,2025-12-31,466
ak,2025-02-15,2025-02-19,382
ak,2025-02-15,2025-02-20,402
ak,2025-02-15,2025-02-22,374
ak,2025-02-15,2025-02-26,384
ak,2025-02-15,2025-02-28,383
ak,2025-02-15,2025-03-05,405
ak,2025-02-15,2025-03-07,391
ak,2025-02-15,2025-03-12,406
ak,2025-02-15,2025-03-14,412
ak,2025-02-15,2025-03-19,414
ak,2025-02-15,2025-03-21,416
ak,2025-02-15,2025-03-26,417
ak,2025-02-15,2025-03-28,417
ak,2025-02-15,2025-04-02,417
ak,2025-02-15,2025-04-04,417
ak,2025-02-15,2025-04-09,417
ak,2025-02-15,2025-04-11,417
ak,2025-02-15,2025-04-16,417
ak,2025-02-15,2025-04-18,417
ak,2025-02-15,2025-04-23,417
ak,2025-02-15,2025-04-25,417
ak,2025-02-15,2025-04-30,417
ak,2025-02-15,2025-05-02,417
ak,2025-02-15,2025-05-07,417
ak,2025-02-15,2025-05-09,417
ak,2025-02-15,2025-05-14,417
ak,2025-02-15,2025-05-16,417
ak,2025-02-15,2025-05-21,417
ak,2025-02-15,2025-05-23,417
ak,2025-02-15,2025-05-28,417
ak,2025-02-15,2025-05-30,417
ak,2025-02-15,2025-06-04,417
ak,2025-02-15,2025-06-06,417
ak,2025-02-15,2025-06-11,417
ak,2025-02-15,2025-06-13,417
ak,2025-02-15,2025-06-18,417
ak,2025-02-15,2025-06-20,417
ak,2025-02-15,2025-06-25,417
ak,2025-02-15,2025-06-27,417
ak,2025-02-15,2025-07-02,417
ak,2025-02-15,2025-07-07,417
ak,2025-02-15,2025-07-09,417
ak,2025-02-15,2025-07-11,417
ak,2025-02-15,2025-07-16,417
ak,2025-02-15,2025-07-18,417
ak,2025-02-15,2025-07-23,417
ak,2025-02-15,2025-07-25,417
ak,2025-02-15,2025-07-30,417
ak,2025-02-15,2025-08-01,417
ak,2025-02-15,2025-08-06,417
ak,2025-02-15,2025-08-08,417
ak,2025-02-15,2025-08-13,417
ak,2025-02-15,2025-08-15,417
ak,2025-02-15,2025-08-20,417
ak,2025-02-15,2025-08-22,417
ak,2025-02-15,2025-08-27,417
ak,2025-02-15,2025-08-29,417
ak,2025-02-15,2025-09-03,417
ak,2025-02-15,2025-09-05,417
ak,2025-02-15,2025-09-10,417
ak,2025-02-15,2025-09-12,417
ak,2025-02-15,2025-09-17,417
ak,2025-02-15,2025-09-19,417
ak,2025-02-15,2025-09-24,417
ak,2025-02-15,2025-09-26,417
ak,2025-02-15,2025-11-14,417
ak,2025-02-15,2025-11-19,417
ak,2025-02-15,2025-11-21,417
ak,2025-02-15,2025-11-26,417
ak,2025-02-15,2025-12-01,417
ak,2025-02-15,2025-12-03,417
ak,2025-02-15,2025-12-05,417
ak,2025-02-15,2025-12-10,417
ak,2025-02-15,2025-12-12,417
ak,2025-02-15,2025-12-17,417
ak,2025-02-15,2025-12-19,417
ak,2025-02-15,2025-12-24,417
ak,2025-02-15,2025-12-30,417
ak,2025-02-15,2025-12-31,417
ak,2025-02-22,2025-02-26,90
ak,2025-02-22,2025-02-28,85
ak,2025-02-22,2025-03-05,92
ak,2025-02-22,2025-03-07,102
ak,2025-02-22,2025-03-12,106
ak,2025-02-22,2025-03-14,107
ak,2025-02-22,2025-03-19,114
ak,2025-02-22,2025-03-21,118
ak,2025-02-22,2025-03-26,123
ak,2025-02-22,2025-03-28,126
ak,2025-02-22,2025-04-02,127
ak,2025-02-22,2025-04-04,127
ak,2025-02-22,2025-04-09,127
ak,2025-02-22,2025-04-11,127
ak,2025-02-22,2025-04-16,127
ak,2025-02-22,2025-04-18,127
ak,2025-02-22,2025-04-23,127
ak,2025-02-22,2025-04-25,127
ak,2025-02-22,2025-04-30,127
ak,2025-02-22,2025-05-02,127
ak,2025-02-22,2025-05-07,127
ak,2025-02-22,2025-05-09,127
ak,2025-02-22,2025-05-14,127
ak,2025-02-22,2025-05-16,127
ak,2025-02-22,2025-05-21,127
ak,2025-02-22,2025-05-23,127
ak,2025-02-22,2025-05-28,127
ak,2025-02-22,2025-05-30,127
ak,2025-02-22,2025-06-04,127
ak,2025-02-22,2025-06-06,127
ak,2025-02-22,2025-06-11,127
ak,2025-02-22,2025-06-13,127
ak,2025-02-22,2025-06-18,127
ak,2025-02-22,2025-06-20,127
ak,2025-02-22,2025-06-25,127
ak,2025-02-22,2025-06-27,127
ak,2025-02-22,2025-07-02,127
ak,2025-02-22,2025-07-07,127
ak,2025-02-22,2025-07-09,127
ak,2025-02-22,2025-07-11,127
ak,2025-02-22,2025-07-16,127
ak,2025-02-22,2025-07-18,127
ak,2025-02-22,2025-07-23,127
ak,2025-02-22,2025-07-25,127
ak,2025-02-22,2025-07-30,127
ak,2025-02-22,2025-08-01,127
ak,2025-02-22,2025-08-06,127
ak,2025-02-22,2025-08-08,127
ak,2025-02-22,2025-08-13,127
ak,2025-02-22,2025-08-15,127
ak,2025-02-22,2025-08-20,127
ak,2025-02-22,2025-08-22,127
ak,2025-02-22,2025-08-27,127
ak,2025-02-22,2025-08-29,127
ak,2025-02-22,2025-09-03,127
ak,2025-02-22,2025-09-05,127
ak,2025-02-22,2025-09-10,127
ak,2025-02-22,2025-09-12,127
ak,2025-02-22,2025-09-17,127
ak,2025-02-22,2025-09-19,127
ak,2025-02-22,2025-09-24,127
ak,2025-02-22,2025-09-26,127
ak,2025-02-22,2025-11-14,127
ak,2025-02-22,2025-11-19,127
ak,2025-02-22,2025-11-21,127
ak,2025-02-22,2025-11-26,127
ak,2025-02-22,2025-12-01,127
ak,2025-02-22,2025-12-03,127
ak,2025-02-22,2025-12-05,127
ak,2025-02-22,2025-12-10,127
ak,2025-02-22,2025-12-12,127
ak,2025-02-22,2025-12-17,127
ak,2025-02-22,2025-12-19,127
ak,2025-02-22,2025-12-24,127
ak,2025-02-22,2025-12-30,127
ak,2025-02-22,2025-12-31,127
ak,2025-03-01,2025-03-05,324
ak,2025-03-01,2025-03-07,327
ak,2025-03-01,2025-03-12,314
ak,2025-03-01,2025-03-14,321
ak,2025-03-01,2025-03-19,326
ak,2025-03-01,2025-03-21,331
ak,2025-03-01,2025-03-26,335
ak,2025-03-01,2025-03-28,340
ak,2025-03-01,2025-04-02,347
ak,2025-03-01,2025-04-04,350
ak,2025-03-01,2025-04-09,351
ak,2025-03-01,2025-04-11,351
ak,2025-03-01,2025-04-16,351
ak,2025-03-01,2025-04-18,351
ak,2025-03-01,2025-04-23,351
ak,2025-03-01,2025-04-25,351
ak,2025-03-01,2025-04-30,351
ak,2025-03-01,2025-05-02,351
ak,2025-03-01,2025-05-07,351
ak,2025-03-01,2025-05-09,351
ak,2025-03-01,2025-05-14,351
ak,2025-03-01,2025-05-16,351
ak,2025-03-01,2025-05-21,351
ak,2025-03-01,2025-05-23,351
ak,2025-03-01,2025-05-28,351
ak,2025-03-01,2025-05-30,351
ak,2025-03-01,2025-06-04,351
ak,2025-03-01,2025-06-06,351
ak,2025-03-01,2025-06-11,351
ak,2025-03-01,2025-06-13,351
ak,2025-03-01,2025-06-18,351
ak,2025-03-01,2025-06-20,351
ak,2025-03-01,2025-06-25,351
ak,2025-03-01,2025-06-27,351
ak,2025-03-01,2025-07-02,351
ak,2025-03-01,2025-07-07,351
ak,2025-03-01,2025-07-09,351
ak,2025-03-01,2025-07-11,351
ak,2025-03-01,2025-07-16,351
ak,2025-03-01,2025-07-18,351
ak,2025-03-01,2025-07-23,351
ak,2025-03-01,2025-07-25,351
ak,2025-03-01,2025-07-30,351
ak,2025-03-01,2025-08-01,351
ak,2025-03-01,2025-08-06,351
ak,2025-03-01,2025-08-08,351
ak,2025-03-01,2025-08-13,351
ak,2025-03-01,2025-08-15,351
ak,2025-03-01,2025-08-20,351
ak,2025-03-01,2025-08-22,351
ak,2025-03-01,2025-08-27,351
ak,2025-03-01,2025-08-29,351
ak,2025-03-01,2025-09-03,351
ak,2025-03-01,2025-09-05,351
ak,2025-03-01,2025-09-10,351
ak,2025-03-01,2025-09-12,351
ak,2025-03-01,2025-09-17,351
ak,2025-03-01,2025-09-19,351
ak,2025-03-01,2025-09-24,351
ak,2025-03-01,2025-09-26,351
ak,2025-03-01,2025-11-14,351
ak,2025-03-01,2025-11-19,351
ak,2025-03-01,2025-11-21,351
ak,2025-03-01,2025-11-26,351
ak,2025-03-01,2025-12-01,351
ak,2025-03-01,2025-12-03,351
ak,2025-03-01,2025-12-05,351
ak,2025-03-01,2025-12-10,351
ak,2025-03-01,2025-12-12,351
ak,2025-03-01,2025-12-17,351
ak,2025-03-01,2025-12-19,351
ak,2025-03-01,2025-12-24,351
ak,2025-03-01,2025-12-30,351
ak,2025-03-01,2025-12-31,351
ak,2025-03-08,2025-03-12,76
ak,2025-03-08,2025-03-14,82
ak,2025-03-08,2025-03-19,82
ak,2025-03-08,2025-03-21,91
ak,2025-03-08,2025-03-26,92
ak,2025-03-08,2025-03-28,96
ak,2025-03-08,2025-04-02,100
ak,2025-03-08,2025-04-04,102
ak,2025-03-08,2025-04-09,108
ak,2025-03-08,2025-04-11,111
ak,2025-03-08,2025-04-16,112
ak,2025-03-08,2025-04-18,112
ak,2025-03-08,2025-04-23,112
ak,2025-03-08,2025-04-25,112
ak,2025-03-08,2025-04-30,112
ak,2025-03-08,2025-05-02,112
ak,2025-03-08,2025-05-07,112
ak,2025-03-08,2025-05-09,112
ak,2025-03-08,2025-05-14,112
ak,2025-03-08,2025-05-16,112
ak,2025-03-08,2025-05-21,112
ak,2025-03-08,2025-05-23,112
ak,2025-03-08,2025-05-28,112
ak,2025-03-08,2025-05-30,112
ak,2025-03-08,2025-06-04,112
ak,2025-03-08,2025-06-06,112
ak,2025-03-08,2025-06-11,112
ak,2025-03-08,2025-06-13,112
ak,2025-03-08,2025-06-18,112
ak,2025-03-08,2025-06-20,112
ak,2025-03-08,2025-06-25,112
ak,2025-03-08,2025-06-27,112
ak,2025-03-08,2025-07-02,112
ak,2025-03-08,2025-07-07,112
ak,2025-03-08,2025-07-09,112
ak,2025-03-08,2025-07-11,112
ak,2025-03-08,2025-07-16,112
ak,2025-03-08,2025-07-18,112
ak,2025-03-08,2025-07-23,112
ak,2025-03-08,2025-07-25,112
ak,2025-03-08,2025-07-30,112
ak,2025-03-08,2025-08-01,112
ak,2025-03-08,2025-08-06,112
ak,2025-03-08,2025-08-08,112
ak,2025-03-08,2025-08-13,112
ak,2025-03-08,2025-08-15,112
ak,2025-03-08,2025-08-20,112
ak,2025-03-08,2025-08-22,112
ak,2025-03-08,2025-08-27,112
ak,2025-03-08,2025-08-29,112
ak,2025-03-08,2025-09-03,112
ak,2025-03-08,2025-09-05,112
ak,2025-03-08,2025-09-10,112
ak,2025-03-08,2025-09-12,112
ak,2025-03-08,2025-09-17,112
ak,2025-03-08,2025-09-19,112
ak,2025-03-08,2025-09-24,112
ak,2025-03-08,2025-09-26,112
ak,2025-03-08,2025-11-14,112
ak,2025-03-08,2025-11-19,112
ak,2025-03-08,2025-11-21,112
ak,2025-03-08,2025-11-26,112
ak,2025-03-08,2025-12-01,112
ak,2025-03-08,2025-12-03,112
ak,2025-03-08,2025-12-05,112
ak,2025-03-08,2025-12-10,112
ak,2025-03-08,2025-12-12,112
ak,2025-03-08,2025-12-17,112
ak,2025-03-08,2025-12-19,112
ak,2025-03-08,2025-12-24,112
ak,2025-03-08,2025-12-30,112
ak,2025-03-08,2025-12-31,112
ak,2025-03-15,2025-03-19,252
ak,2025-03-15,2025-03-21,254
ak,2025-03-15,2025-03-26,274
ak,2025-03-15,2025-03-28,272
ak,2025-03-15,2025-04-02,281
ak,2025-03-15,2025-04-04,293
ak,2025-03-15,2025-04-09,307
ak,2025-03-15,2025-04-11,310
ak,2025-03-15,2025-04-16,317
ak,2025-03-15,2025-04-18,321
ak,2025-03-15,2025-04-23,323
ak,2025-03-15,2025-04-25,323
ak,2025-03-15,2025-04-30,323
ak,2025-03-15,2025-05-02,323
ak,2025-03-15,2025-05-07,323
ak,2025-03-15,2025-05-09,323
ak,2025-03-15,2025-05-14,323
ak,2025-03-15,2025-05-16,323
ak,2025-03-15,2025-05-21,323
ak,2025-03-15,2025-05-23,323
ak,2025-03-15,2025-05-28,323
ak,2025-03-15,2025-05-30,323
ak,2025-03-15,2025-06-04,323
ak,2025-03-15,2025-06-06,323
ak,2025-03-15,2025-06-11,323
ak,2025-03-15,2025-06-13,323
ak,2025-03-15,2025-06-18,323
ak,2025-03-15,2025-06-20,323
ak,2025-03-15,2025-06-25,323
ak,2025-03-15,2025-06-27,323
ak,2025-03-15,2025-07-02,323
ak,2025-03-15,2025-07-07,323
ak,2025-03-15,2025-07-09,323
ak,2025-03-15,2025-07-11,323
ak,2025-03-15,2025-07-16,323
ak,2025-03-15,2025-07-18,323
ak,2025-03-15,2025-07-23,323
ak,2025-03-15,2025-07-25,323
ak,2025-03-15,2025-07-30,323
ak,2025-03-15,2025-08-01,323
ak,2025-03-15,2025-08-06,323
ak,2025-03-15,2025-08-08,323
ak,2025-03-15,2025-08-13,323
ak,2025-03-15,2025-08-15,323
ak,2025-03-15,2025-08-20,323
ak,2025-03-15,2025-08-22,323
ak,2025-03-15,2025-08-27,323
ak,2025-03-15,2025-08-29,323
ak,2025-03-15,2025-09-03,323
ak,2025-03-15,2025-09-05,323
ak,2025-03-15,2025-09-10,323
ak,2025-03-15,2025-09-12,323
ak,2025-03-15,2025-09-17,323
ak,2025-03-15,2025-09-19,323
ak,2025-03-15,2025-09-24,323
ak,2025-03-15,2025-09-26,323
ak,2025-03-15,2025-11-14,323
ak,2025-03-15,2025-11-19,323
ak,2025-03-15,2025-11-21,323
ak,2025-03-15,2025-11-26,323
ak,2025-03-15,2025-12-01,323
ak,2025-03-15,2025-12-03,323
ak,2025-03-15,2025-12-05,323
ak,2025-03-15,2025-12-10,323
ak,2025-03-15,2025-12-12,323
ak,2025-03-15,2025-12-17,323
ak,2025-03-15,2025-12-19,323
ak,2025-03-15,2025-12-24,323
ak,2025-03-15,2025-12-30,323
ak,2025-03-15,2025-12-31,323
ak,2025-03-22,2025-03-26,101
ak,2025-03-22,2025-03-28,109
ak,2025-03-22,2025-04-02,114
ak,2025-03-22,2025-04-04,114
ak,2025-03-22,2025-04-09,122
ak,2025-03-22,2025-04-11,121
ak,2025-03-22,2025-04-16,130
ak,2025-03-22,2025-04-18,131
ak,2025-03-22,2025-04-23,137
ak,2025-03-22,2025-04-25,140
ak,2025-03-22,2025-04-30,141
ak,2025-03-22,2025-05-02,141
ak,2025-03-22,2025-05-07,141
ak,2025-03-22,2025-05-09,141
ak,2025-03-22,2025-05-14,141
ak,2025-03-22,2025-05-16,141
ak,2025-03-22,2025-05-21,141
ak,2025-03-22,2025-05-23,141
ak,2025-03-22,2025-05-28,141
ak,2025-03-22,2025-05-30,141
ak,2025-03-22,2025-06-04,141
ak,2025-03-22,2025-06-06,141
ak,2025-03-22,2025-06-11,141
ak,2025-03-22,2025-06-13,141
ak,2025-03-22,2025-06-18,141
ak,2025-03-22,2025-06-20,141
ak,2025-03-22,2025-06-25,141
ak,2025-03-22,2025-06-27,141
ak,2025-03-22,2025-07-02,141
ak,2025-03-22,2025-07-07,141
ak,2025-03-22,2025-07-09,141
ak,2025-03-22,2025-07-11,141
ak,2025-03-22,2025-07-16,141
ak,2025-03-22,2025-07-18,141
ak,2025-03-22,2025-07-23,141
ak,2025-03-22,2025-07-25,141
ak,2025-03-22,2025-07-30,141
ak,2025-03-22,2025-08-01,141
ak,2025-03-22,2025-08-06,141
ak,2025-03-22,2025-08-08,141
ak,2025-03-22,2025-08-13,141
ak,2025-03-22,2025-08-15,141
ak,2025-03-22,2025-08-20,141
ak,2025-03-22,2025-08-22,141
ak,2025-03-22,2025-08-27,141
ak,2025-03-22,2025-08-29,141
ak,2025-03-22,2025-09-03,141
ak,2025-03-22,2025-09-05,141
ak,2025-03-22,2025-09-10,141
ak,2025-03-22,2025-09-12,141
ak,2025-03-22,2025-09-17,141
ak,2025-03-22,2025-09-19,141
ak,2025-03-22,2025-09-24,141
ak,2025-03-22,2025-09-26,141
ak,2025-03-22,2025-11-14,141
ak,2025-03-22,2025-11-19,141
ak,2025-03-22,2025-11-21,141
ak,2025-03-22,2025-11-26,141
ak,2025-03-22,2025-12-01,141
ak,2025-03-22,2025-12-03,141
ak,2025-03-22,2025-12-05,141
ak,2025-03-22,2025-12-10,141
ak,2025-03-22,2025-12-12,141
ak,2025-03-22,2025-12-17,141
ak,2025-03-22,2025-12-19,141
ak,2025-03-22,2025-12-24,141
ak,2025-03-22,2025-12-30,141
ak,2025-03-22,2025-12-31,141
ak,2025-03-29,2025-04-02,278
ak,2025-03-29,2025-04-04,289
ak,2025-03-29,2025-04-09,282
ak,2025-03-29,2025-04-11,301
ak,2025-03-29,2025-04-16,298
ak,2025-03-29,2025-04-18,289
ak,2025-03-29,2025-04-23,288
ak,2025-03-29,2025-04-25,294
ak,2025-03-29,2025-04-30,293
ak,2025-03-29,2025-05-02,292
ak,2025-03-29,2025-05-07,292
ak,2025-03-29,2025-05-09,292
ak,2025-03-29,2025-05-14,292
ak,2025-03-29,2025-05-16,292
ak,2025-03-29,2025-05-21,292
ak,2025-03-29,2025-05-23,292
ak,2025-03-29,2025-05-28,292
ak,2025-03-29,2025-05-30,292
ak,2025-03-29,2025-06-04,292
ak,2025-03-29,2025-06-06,292
ak,2025-03-29,2025-06-11,292
ak,2025-03-29,2025-06-13,292
ak,2025-03-29,2025-06-18,292
ak,2025-03-29,2025-06-20,292
ak,2025-03-29,2025-06-25,292
ak,2025-03-29,2025-06-27,292
ak,2025-03-29,2025-07-02,292
ak,2025-03-29,2025-07-07,292
ak,2025-03-29,2025-07-09,292
ak,2025-03-29,2025-07-11,292
ak,2025-03-29,2025-07-16,292
ak,2025-03-29,2025-07-18,292
ak,2025-03-29,2025-07-23,292
ak,2025-03-29,2025-07-25,292
ak,2025-03-29,2025-07-30,292
ak,2025-03-29,2025-08-01,292
ak,2025-03-29,2025-08-06,292
ak,2025-03-29,2025-08-08,292
ak,2025-03-29,2025-08-13,292
ak,2025-03-29,2025-08-15,292
ak,2025-03-29,2025-08-20,292
ak,2025-03-29,2025-08-22,292
ak,2025-03-29,2025-08-27,292
ak,2025-03-29,2025-08-29,292
ak,2025-03-29,2025-09-03,292
ak,2025-03-29,2025-09-05,292
ak,2025-03-29,2025-09-10,292
ak,2025-03-29,2025-09-12,292
ak,2025-03-29,2025-09-17,292
ak,2025-03-29,2025-09-19,292
ak,2025-03-29,2025-09-24,292
ak,2025-03-29,2025-09-26,292
ak,2025-03-29,2025-11-14,292
ak,2025-03-29,2025-11-19,292
ak,2025-03-29,2025-11-21,292
ak,2025-03-29,2025-11-26,292
ak,2025-03-29,2025-12-01,292
ak,2025-03-29,2025-12-03,292
ak,2025-03-29,2025-12-05,292
ak,2025-03-29,2025-12-10,292
ak,2025-03-29,2025-12-12,292
ak,2025-03-29,2025-12-17,292
ak,2025-03-29,2025-12-19,292
ak,2025-03-29,2025-12-24,292
ak,2025-03-29,2025-12-30,292
ak,2025-03-29,2025-12-31,292
ak,2025-04-05,2025-04-09,60
ak,2025-04-05,2025-04-11,67
ak,2025-04-05,2025-04-16,69
ak,2025-04-05,2025-04-18,70
ak,2025-04-05,2025-04-23,74
ak,2025-04-05,2025-04-25,78
ak,2025-04-05,2025-04-30,80
ak,2025-04-05,2025-05-02,83
ak,2025-04-05,2025-05-07,87
ak,2025-04-05,2025-05-09,89
ak,2025-04-05,2025-05-14,90
ak,2025-04-05,2025-05-16,90
ak,2025-04-05,2025-05-21,90
ak,2025-04-05,2025-05-23,90
ak,2025-04-05,2025-05-28,90
ak,2025-04-05,2025-05-30,90
ak,2025-04-05,2025-06-04,90
ak,2025-04-05,2025-06-06,90
ak,2025-04-05,2025-06-11,90
ak,2025-04-05,2025-06-13,90
ak,2025-04-05,2025-06-18,90
ak,2025-04-05,2025-06-20,90
ak,2025-04-05,2025-06-25,90
ak,2025-04-05,2025-06-27,90
ak,2025-04-05,2025-07-02,90
ak,2025-04-05,2025-07-07,90
ak,2025-04-05,2025-07-09,90
ak,2025-04-05,2025-07-11,90
ak,2025-04-05,2025-07-16,90
ak,2025-04-05,2025-07-18,90
ak,2025-04-05,2025-07-23,90
ak,2025-04-05,2025-07-25,90
ak,2025-04-05,2025-07-30,90
ak,2025-04-05,2025-08-01,90
ak,2025-04-05,2025-08-06,90
ak,2025-04-05,2025-08-08,90
ak,2025-04-05,2025-08-13,90
ak,2025-04-05,2025-08-15,90
ak,2025-04-05,2025-08-20,90
ak,2025-04-05,2025-08-22,90
ak,2025-04-05,2025-08-27,90
ak,2025-04-05,2025-08-29,90
ak,2025-04-05,2025-09-03,90
ak,2025-04-05,2025-09-05,90
ak,2025-04-05,2025-09-10,90
ak,2025-04-05,2025-09-12,90
ak,2025-04-05,2025-09-17,90
ak,2025-04-05,2025-09-19,90
ak,2025-04-05,2025-09-24,90
ak,2025-04-05,2025-09-26,90
ak,2025-04-05,2025-11-14,90
ak,2025-04-05,2025-11-19,90
ak,2025-04-05,2025-11-21,90
ak,2025-04-05,2025-11-26,90
ak,2025-04-05,2025-12-01,90
ak,2025-04-05,2025-12-03,90
ak,2025-04-05,2025-12-05,90
ak,2025-04-05,2025-12-10,90
ak,2025-04-05,2025-12-12,90
ak,2025-04-05,2025-12-17,90
ak,2025-04-05,2025-12-19,90
ak,2025-04-05,2025-12-24,90
ak,2025-04-05,2025-12-30,90
ak,2025-04-05,2025-12-31,90
ak,2025-04-12,2025-04-16,79
ak,2025-04-12,2025-04-18,77
ak,2025-04-12,2025-04-23,79
ak,2025-04-12,2025-04-25,77
ak,2025-04-12,2025-04-30,79
ak,2025-04-12,2025-05-02,78
ak,2025-04-12,2025-05-07,79
ak,2025-04-12,2025-05-09,80
ak,2025-04-12,2025-05-14,82
ak,2025-04-12,2025-05-16,82
ak,2025-04-12,2025-05-21,82
ak,2025-04-12,2025-05-23,82
ak,2025-04-12,2025-05-28,82
ak,2025-04-12,2025-05-30,82
ak,2025-04-12,2025-06-04,82
ak,2025-04-12,2025-06-06,82
ak,2025-04-12,2025-06-11,82
ak,2025-04-12,2025-06-13,82
ak,2025-04-12,2025-06-18,82
ak,2025-04-12,2025-06-20,82
ak,2025-04-12,2025-06-25,82
ak,2025-04-12,2025-06-27,82
ak,2025-04-12,2025-07-02,82
ak,2025-04-12,2025-07-07,82
ak,2025-04-12,2025-07-09,82
ak,2025-04-12,2025-07-11,82
ak,2025-04-12,2025-07-16,82
ak,2025-04-12,2025-07-18,82
ak,2025-04-12,2025-07-23,82
ak,2025-04-12,2025-07-25,82
ak,2025-04-12,2025-07-30,82
ak,2025-04-12,2025-08-01,82
ak,2025-04-12,2025-08-06,82
ak,2025-04-12,2025-08-08,82
ak,2025-04-12,2025-08-13,82
ak,2025-04-12,2025-08-15,82
ak,2025-04-12,2025-08-20,82
ak,2025-04-12,2025-08-22,82
ak,2025-04-12,2025-08-27,82
ak,2025-04-12,2025-08-29,82
ak,2025-04-12,2025-09-03,82
ak,2025-04-12,2025-09-05,82
ak,2025-04-12,2025-09-10,82
ak,2025-04-12,2025-09-12,82
ak,2025-04-12,2025-09-17,82
ak,2025-04-12,2025-09-19,82
ak,2025-04-12,2025-09-24,82
ak,2025-04-12,2025-09-26,82
ak,2025-04-12,2025-11-14,82
ak,2025-04-12,2025-11-19,82
ak,2025-04-12,2025-11-21,82
ak,2025-04-12,2025-11-26,82
ak,2025-04-12,2025-12-01,82
ak,2025-04-12,2025-12-03,82
ak,2025-04-12,2025-12-05,82
ak,2025-04-12,2025-12-10,82
ak,2025-04-12,2025-12-12,82
ak,2025-04-12,2025-12-17,82
ak,2025-04-12,2025-12-19,82
ak,2025-04-12,2025-12-24,82
ak,2025-04-12,2025-12-30,82
ak,2025-04-12,2025-12-31,82
ak,2025-04-19,2025-04-23,208
ak,2025-04-19,2025-04-25,216
ak,2025-04-19,2025-04-30,227
ak,2025-04-19,2025-05-02,222
ak,2025-04-19,2025-05-07,237
ak,2025-04-19,2025-05-09,238
ak,2025-04-19,2025-05-14,242
ak,2025-04-19,2025-05-16,244
ak,2025-04-19,2025-05-21,247
ak,2025-04-19,2025-05-23,250
ak,2025-04-19,2025-05-28,251
ak,2025-04-19,2025-05-30,251
ak,2025-04-19,2025-06-04,251
ak,2025-04-19,2025-06-06,251
ak,2025-04-19,2025-06-11,251
ak,2025-04-19,2025-06-13,251
ak,2025-04-19,2025-06-18,251
ak,2025-04-19,2025-06-20,251
ak,2025-04-19,2025-06-25,251
ak,2025-04-19,2025-06-27,251
ak,2025-04-19,2025-07-02,251
ak,2025-04-19,2025-07-07,251
ak,2025-04-19,2025-07-09,251
ak,2025-04-19,2025-07-11,251
ak,2025-04-19,2025-07-16,251
ak,2025-04-19,2025-07-18,251
ak,2025-04-19,2025-07-23,251
ak,2025-04-19,2025-07-25,251
ak,2025-04-19,2025-07-30,251
ak,2025-04-19,2025-08-01,251
ak,2025-04-19,2025-08-06,251
ak,2025-04-19,2025-08-08,251
ak,2025-04-19,2025-08-13,251
ak,2025-04-19,2025-08-15,251
ak,2025-04-19,2025-08-20,251
ak,2025-04-19,2025-08-22,251
ak,2025-04-19,2025-08-27,251
ak,2025-04-19,2025-08-29,251
ak,2025-04-19,2025-09-03,251
ak,2025-04-19,2025-09-05,251
ak,2025-04-19,2025-09-10,251
ak,2025-04-19,2025-09-12,251
ak,2025-04-19,2025-09-17,251
ak,2025-04-19,2025-09-19,251
ak,2025-04-19,2025-09-24,251
ak,2025-04-19,2025-09-26,251
ak,2025-04-19,2025-11-14,251
ak,2025-04-19,2025-11-19,251
ak,2025-04-19,2025-11-21,251
ak,2025-04-19,2025-11-26,251
ak,2025-04-19,2025-12-01,251
ak,2025-04-19,2025-12-03,251
ak,2025-04-19,2025-12-05,251
ak,2025-04-19,2025-12-10,251
ak,2025-04-19,2025-12-12,251
ak,2025-04-19,2025-12-17,251
ak,2025-04-19,2025-12-19,251
ak,2025-04-19,2025-12-24,251
ak,2025-04-19,2025-12-30,251
ak,2025-04-19,2025-12-31,251
ak,2025-04-26,2025-04-30,72
ak,2025-04-26,2025-05-02,77
ak,2025-04-26,2025-05-07,76
ak,2025-04-26,2025-05-09,82
ak,2025-04-26,2025-05-14,80
ak,2025-04-26,2025-05-16,83
ak,2025-04-26,2025-05-21,84
ak,2025-04-26,2025-05-23,88
ak,2025-04-26,2025-05-28,89
ak,2025-04-26,2025-05-30,90
ak,2025-04-26,2025-06-04,91
ak,2025-04-26,2025-06-06,91
ak,2025-04-26,2025-06-11,91
ak,2025-04-26,2025-06-13,91
ak,2025-04-26,2025-06-18,91
ak,2025-04-26,2025-06-20,91
ak,2025-04-26,2025-06-25,91
ak,2025-04-26,2025-06-27,91
ak,2025-04-26,2025-07-02,91
ak,2025-04-26,2025-07-07,91
ak,2025-04-26,2025-07-09,91
ak,2025-04-26,2025-07-11,91
ak,2025-04-26,2025-07-16,91
ak,2025-04-26,2025-07-18,91
ak,2025-04-26,2025-07-23,91
ak,2025-04-26,2025-07-25,91
ak,2025-04-26,2025-07-30,91
ak,2025-04-26,2025-08-01,91
ak,2025-04-26,2025-08-06,91
ak,2025-04-26,2025-08-08,91
ak,2025-04-26,2025-08-13,91
ak,2025-04-26,2025-08-15,91
ak,2025-04-26,2025-08-20,91
ak,2025-04-26,2025-08-22,91
ak,2025-04-26,2025-08-27,91
ak,2025-04-26,2025-08-29,91
ak,2025-04-26,2025-09-03,91
ak,2025-04-26,2025-09-05,91
ak,2025-04-26,2025-09-10,91
ak,2025-04-26,2025-09-12,91
ak,2025-04-26,2025-09-17,91
ak,2025-04-26,2025-09-19,91
ak,2025-04-26,2025-09-24,91
ak,2025-04-26,2025-09-26,91
ak,2025-04-26,2025-11-14,91
ak,2025-04-26,2025-11-19,91
ak,2025-04-26,2025-11-21,91
ak,2025-04-26,2025-11-26,91
ak,2025-04-26,2025-12-01,91
ak,2025-04-26,2025-12-03,91
ak,2025-04-26,2025-12-05,91
ak,2025-04-26,2025-12-10,91
ak,2025-04-26,2025-12-12,91
ak,2025-04-26,2025-12-17,91
ak,2025-04-26,2025-12-19,91
ak,2025-04-26,2025-12-24,91
ak,2025-04-26,2025-12-30,91
ak,2025-04-26,2025-12-31,91
ak,2025-05-03,2025-05-07,92
ak,2025-05-03,2025-05-09,88
ak,2025-05-03,2025-05-14,88
ak,2025-05-03,2025-05-16,95
ak,2025-05-03,2025-05-21,96
ak,2025-05-03,2025-05-23,96
ak,2025-05-03,2025-05-28,98
ak,2025-05-03,2025-05-30,99
ak,2025-05-03,2025-06-04,100
ak,2025-05-03,2025-06-06,101
ak,2025-05-03,2025-06-11,101
ak,2025-05-03,2025-06-13,101
ak,2025-05-03,2025-06-18,101
ak,2025-05-03,2025-06-20,101
ak,2025-05-03,2025-06-25,101
ak,2025-05-03,2025-06-27,101
ak,2025-05-03,2025-07-02,101
ak,2025-05-03,2025-07-07,101
ak,2025-05-03,2025-07-09,101
ak,2025-05-03,2025-07-11,101
ak,2025-05-03,2025-07-16,101
ak,2025-05-03,2025-07-18,101
ak,2025-05-03,2025-07-23,101
ak,2025-05-03,2025-07-25,101
ak,2025-05-03,2025-07-30,101
ak,2025-05-03,2025-08-01,101
ak,2025-05-03,2025-08-06,101
ak,2025-05-03,2025-08-08,101
ak,2025-05-03,2025-08-13,101
ak,2025-05-03,2025-08-15,101
ak,2025-05-03,2025-08-20,101
ak,2025-05-03,2025-08-22,101
ak,2025-05-03,2025-08-27,101
ak,2025-05-03,2025-08-29,101
ak,2025-05-03,2025-09-03,101
ak,2025-05-03,2025-09-05,101
ak,2025-05-03,2025-09-10,101
ak,2025-05-03,2025-09-12,101
ak,2025-05-03,2025-09-17,101
ak,2025-05-03,2025-09-19,101
ak,2025-05-03,2025-09-24,101
ak,2025-05-03,2025-09-26,101
ak,2025-05-03,2025-11-14,101
ak,2025-05-03,2025-11-19,101
ak,2025-05-03,2025-11-21,101
ak,2025-05-03,2025-11-26,101
ak,2025-05-03,2025-12-01,101
ak,2025-05-03,2025-12-03,101
ak,2025-05-03,2025-12-05,101
ak,2025-05-03,2025-12-10,101
ak,2025-05-03,2025-12-12,101
ak,2025-05-03,2025-12-17,101
ak,2025-05-03,2025-12-19,101
ak,2025-05-03,2025-12-24,101
ak,2025-05-03,2025-12-30,101
ak,2025-05-03,2025-12-31,101
ak,2025-05-10,2025-05-14,422
ak,2025-05-10,2025-05-16,419
ak,2025-05-10,2025-05-21,433
ak,2025-05-10,2025-05-23,430
ak,2025-05-10,2025-05-28,436
ak,2025-05-10,2025-05-30,441
ak,2025-05-10,2025-06-04,429
ak,2025-05-10,2025-06-06,426
ak,2025-05-10,2025-06-11,430
ak,2025-05-10,2025-06-13,432
ak,2025-05-10,2025-06-18,432
ak,2025-05-10,2025-06-20,432
ak,2025-05-10,2025-06-25,432
ak,2025-05-10,2025-06-27,432
ak,2025-05-10,2025-07-02,432
ak,2025-05-10,2025-07-07,432
ak,2025-05-10,2025-07-09,432
ak,2025-05-10,2025-07-11,432
ak,2025-05-10,2025-07-16,432
ak,2025-05-10,2025-07-18,432
ak,2025-05-10,2025-07-23,432
ak,2025-05-10,2025-07-25,432
ak,2025-05-10,2025-07-30,432
ak,2025-05-10,2025-08-01,432
ak,2025-05-10,2025-08-06,432
ak,2025-05-10,2025-08-08,432
ak,2025-05-10,2025-08-13,432
ak,2025-05-10,2025-08-15,432
ak,2025-05-10,2025-08-20,432
ak,2025-05-10,2025-08-22,432
ak,2025-05-10,2025-08-27,432
ak,2025-05-10,2025-08-29,432
ak,2025-05-10,2025-09-03,432
ak,2025-05-10,2025-09-05,432
ak,2025-05-10,2025-09-10,432
ak,2025-05-10,2025-09-12,432
ak,2025-05-10,2025-09-17,432
ak,2025-05-10,2025-09-19,432
ak,2025-05-10,2025-09-24,432
ak,2025-05-10,2025-09-26,432
ak,2025-05-10,2025-11-14,432
ak,2025-05-10,2025-11-19,432
ak,2025-05-10,2025-11-21,432
ak,2025-05-10,2025-11-26,432
ak,2025-05-10,2025-12-01,432
ak,2025-05-10,2025-12-03,432
ak,2025-05-10,2025-12-05,432
ak,2025-05-10,2025-12-10,432
ak,2025-05-10,2025-12-12,432
ak,2025-05-10,2025-12-17,432
ak,2025-05-10,2025-12-19,432
ak,2025-05-10,2025-12-24,432
ak,2025-05-10,2025-12-30,432
ak,2025-05-10,2025-12-31,432
ak,2025-05-17,2025-05-21,127
ak,2025-05-17,2025-05-23,129
ak,2025-05-17,2025-05-28,127
ak,2025-05-17,2025-05-30,123
ak,2025-05-17,2025-06-04,128
ak,2025-05-17,2025-06-06,133
ak,2025-05-17,2025-06-11,131
ak,2025-05-17,2025-06-13,131
ak,2025-05-17,2025-06-18,135
ak,2025-05-17,2025-06-20,136
ak,2025-05-17,2025-06-25,136
ak,2025-05-17,2025-06-27,136
ak,2025-05-17,2025-07-02,136
ak,2025-05-17,2025-07-07,136
ak,2025-05-17,2025-07-09,136
ak,2025-05-17,2025-07-11,136
ak,2025-05-17,2025-07-16,136
ak,2025-05-17,2025-07-18,136
ak,2025-05-17,2025-07-23,136
ak,2025-05-17,2025-07-25,136
ak,2025-05-17,2025-07-30,136
ak,2025-05-17,2025-08-01,136
ak,2025-05-17,2025-08-06,136
ak,2025-05-17,2025-08-08,136
ak,2025-05-17,2025-08-13,136
ak,2025-05-17,2025-08-15,136
ak,2025-05-17,2025-08-20,136
ak,2025-05-17,2025-08-22,136
ak,2025-05-17,2025-08-27,136
ak,2025-05-17,2025-08-29,136
ak,2025-05-17,2025-09-03,136
ak,2025-05-17,2025-09-05,136
ak,2025-05-17,2025-09-10,136
ak,2025-05-17,2025-09-12,136
ak,2025-05-17,2025-09-17,136
ak,2025-05-17,2025-09-19,136
ak,2025-05-17,2025-09-24,136
ak,2025-05-17,2025-09-26,136
ak,2025-05-17,2025-11-14,136
ak,2025-05-17,2025-11-19,136
ak,2025-05-17,2025-11-21,136
ak,2025-05-17,2025-11-26,136
ak,2025-05-17,2025-12-01,136
ak,2025-05-17,2025-12-03,136
ak,2025-05-17,2025-12-05,136
ak,2025-05-17,2025-12-10,136
ak,2025-05-17,2025-12-12,136
ak,2025-05-17,2025-12-17,136
ak,2025-05-17,2025-12-19,136
ak,2025-05-17,2025-12-24,136
ak,2025-05-17,2025-12-30,136
ak,2025-05-17,2025-12-31,136
ak,2025-05-24,2025-05-28,214
ak,2025-05-24,2025-05-30,194
ak,2025-05-24,2025-06-04,212
ak,2025-05-24,2025-06-06,234
ak,2025-05-24,2025-06-11,245
ak,2025-05-24,2025-06-13,250
ak,2025-05-24,2025-06-18,265
ak,2025-05-24,2025-06-20,274
ak,2025-05-24,2025-06-25,288
ak,2025-05-24,2025-06-27,293
ak,2025-05-24,2025-07-02,297
ak,2025-05-24,2025-07-07,297
ak,2025-05-24,2025-07-09,297
ak,2025-05-24,2025-07-11,297
ak,2025-05-24,2025-07-16,297
ak,2025-05-24,2025-07-18,297
ak,2025-05-24,2025-07-23,297
ak,2025-05-24,2025-07-25,297
ak,2025-05-24,2025-07-30,297
ak,2025-05-24,2025-08-01,297
ak,2025-05-24,2025-08-06,297
ak,2025-05-24,2025-08-08,297
ak,2025-05-24,2025-08-13,297
ak,2025-05-24,2025-08-15,297
ak,2025-05-24,2025-08-20,297
ak,2025-05-24,2025-08-22,297
ak,2025-05-24,2025-08-27,297
ak,2025-05-24,2025-08-29,297
ak,2025-05-24,2025-09-03,297
ak,2025-05-24,2025-09-05,297
ak,2025-05-24,2025-09-10,297
ak,2025-05-24,2025-09-12,297
ak,2025-05-24,2025-09-17,297
ak,2025-05-24,2025-09-19,297
ak,2025-05-24,2025-09-24,297
ak,2025-05-24,2025-09-26,297
ak,2025-05-24,2025-11-14,297
ak,2025-05-24,2025-11-19,297
ak,2025-05-24,2025-11-21,297
ak,2025-05-24,2025-11-26,297
ak,2025-05-24,2025-12-01,297
ak,2025-05-24,2025-12-03,297
ak,2025-05-24,2025-12-05,297
ak,2025-05-24,2025-12-10,297
ak,2025-05-24,2025-12-12,297
ak,2025-05-24,2025-12-17,297
ak,2025-05-24,2025-12-19,297
ak,2025-05-24,2025-12-24,297
ak,2025-05-24,2025-12-30,297
ak,2025-05-24,2025-12-31,297
ak,2025-05-31,2025-06-04,107
ak,2025-05-31,2025-06-06,115
ak,2025-05-31,2025-06-11,127
ak,2025-05-31,2025-06-13,127
ak,2025-05-31,2025-06-18,129
ak,2025-05-31,2025-06-20,140
ak,2025-05-31,2025-06-25,146
ak,2025-05-31,2025-06-27,146
ak,2025-05-31,2025-07-02,157
ak,2025-05-31,2025-07-07,161
ak,2025-05-31,2025-07-09,161
ak,2025-05-31,2025-07-11,161
ak,2025-05-31,2025-07-16,161
ak,2025-05-31,2025-07-18,161
ak,2025-05-31,2025-07-23,161
ak,2025-05-31,2025-07-25,161
ak,2025-05-31,2025-07-30,161
ak,2025-05-31,2025-08-01,161
ak,2025-05-31,2025-08-06,161
ak,2025-05-31,2025-08-08,161
ak,2025-05-31,2025-08-13,161
ak,2025-05-31,2025-08-15,161
ak,2025-05-31,2025-08-20,161
ak,2025-05-31,2025-08-22,161
ak,2025-05-31,2025-08-27,161
ak,2025-05-31,2025-08-29,161
ak,2025-05-31,2025-09-03,161
ak,2025-05-31,2025-09-05,161
ak,2025-05-31,2025-09-10,161
ak,2025-05-31,2025-09-12,161
ak,2025-05-31,2025-09-17,161
ak,2025-05-31,2025-09-19,161
ak,2025-05-31,2025-09-24,161
ak,2025-05-31,2025-09-26,161
ak,2025-05-31,2025-11-14,161
ak,2025-05-31,2025-11-19,161
ak,2025-05-31,2025-11-21,161
ak,2025-05-31,2025-11-26,161
ak,2025-05-31,2025-12-01,161
ak,2025-05-31,2025-12-03,161
ak,2025-05-31,2025-12-05,161
ak,2025-05-31,2025-12-10,161
ak,2025-05-31,2025-12-12,161
ak,2025-05-31,2025-12-17,161
ak,2025-05-31,2025-12-19,161
ak,2025-05-31,2025-12-24,161
ak,2025-05-31,2025-12-30,161
ak,2025-05-31,2025-12-31,161
ak,2025-06-07,2025-06-11,495
ak,2025-06-07,2025-06-13,492
ak,2025-06-07,2025-06-18,483
ak,2025-06-07,2025-06-20,510
ak,2025-06-07,2025-06-25,512
ak,2025-06-07,2025-06-27,510
ak,2025-06-07,2025-07-02,491
ak,2025-06-07,2025-07-07,496
ak,2025-06-07,2025-07-09,492
ak,2025-06-07,2025-07-11,493
ak,2025-06-07,2025-07-16,492
ak,2025-06-07,2025-07-18,492
ak,2025-06-07,2025-07-23,492
ak,2025-06-07,2025-07-25,492
ak,2025-06-07,2025-07-30,492
ak,2025-06-07,2025-08-01,492
ak,2025-06-07,2025-08-06,492
ak,2025-06-07,2025-08-08,492
ak,2025-06-07,2025-08-13,492
ak,2025-06-07,2025-08-15,492
ak,2025-06-07,2025-08-20,492
ak,2025-06-07,2025-08-22,492
ak,2025-06-07,2025-08-27,492
ak,2025-06-07,2025-08-29,492
ak,2025-06-07,2025-09-03,492
ak,2025-06-07,2025-09-05,492
ak,2025-06-07,2025-09-10,492
ak,2025-06-07,2025-09-12,492
ak,2025-06-07,2025-09-17,492
ak,2025-06-07,2025-09-19,492
ak,2025-06-07,2025-09-24,492
ak,2025-06-07,2025-09-26,492
ak,2025-06-07,2025-11-14,492
ak,2025-06-07,2025-11-19,492
ak,2025-06-07,2025-11-21,492
ak,2025-06-07,2025-11-26,492
ak,2025-06-07,2025-12-01,492
ak,2025-06-07,2025-12-03,492
ak,2025-06-07,2025-12-05,492
ak,2025-06-07,2025-12-10,492
ak,2025-06-07,2025-12-12,492
ak,2025-06-07,2025-12-17,492
ak,2025-06-07,2025-12-19,492
ak,2025-06-07,2025-12-24,492
ak,2025-06-07,2025-12-30,492
ak,2025-06-07,2025-12-31,492
ak,2025-06-14,2025-06-18,454
ak,2025-06-14,2025-06-20,419
ak,2025-06-14,2025-06-25,424
ak,2025-06-14,2025-06-27,449
ak,2025-06-14,2025-07-02,437
ak,2025-06-14,2025-07-07,438
ak,2025-06-14,2025-07-09,442
ak,2025-06-14,2025-07-11,438
ak,2025-06-14,2025-07-16,443
ak,2025-06-14,2025-07-18,443
ak,2025-06-14,2025-07-23,443
ak,2025-06-14,2025-07-25,443
ak,2025-06-14,2025-07-30,443
ak,2025-06-14,2025-08-01,443
ak,2025-06-14,2025-08-06,443
ak,2025-06-14,2025-08-08,443
ak,2025-06-14,2025-08-13,443
ak,2025-06-14,2025-08-15,443
ak,2025-06-14,2025-08-20,443
ak,2025-06-14,2025-08-22,443
ak,2025-06-14,2025-08-27,443
ak,2025-06-14,2025-08-29,443
ak,2025-06-14,2025-09-03,443
ak,2025-06-14,2025-09-05,443
ak,2025-06-14,2025-09-10,443
ak,2025-06-14,2025-09-12,443
ak,2025-06-14,2025-09-17,443
ak,2025-06-14,2025-09-19,443
ak,2025-06-14,2025-09-24,443
ak,2025-06-14,2025-09-26,443
ak,2025-06-14,2025-11-14,443
ak,2025-06-14,2025-11-19,443
ak,2025-06-14,2025-11-21,443
ak,2025-06-14,2025-11-26,443
ak,2025-06-14,2025-12-01,443
ak,2025-06-14,2025-12-03,443
ak,2025-06-14,2025-12-05,443
ak,2025-06-14,2025-12-10,443
ak,2025-06-14,2025-12-12,443
ak,2025-06-14,2025-12-17,443
ak,2025-06-14,2025-12-19,443
ak,2025-06-14,2025-12-24,443
ak,2025-06-14,2025-12-30,443
ak,2025-06-14,2025-12-31,443
ak,2025-06-21,2025-06-25,113
ak,2025-06-21,2025-06-27,110
ak,2025-06-21,2025-07-02,125
ak,2025-06-21,2025-07-07,125
ak,2025-06-21,2025-07-09,137
ak,2025-06-21,2025-07-11,137
ak,2025-06-21,2025-07-16,144
ak,2025-06-21,2025-07-18,146
ak,2025-06-21,2025-07-23,156
ak,2025-06-21,2025-07-25,159
ak,2025-06-21,2025-07-30,161
ak,2025-06-21,2025-08-01,161
ak,2025-06-21,2025-08-06,161
ak,2025-06-21,2025-08-08,161
ak,2025-06-21,2025-08-13,161
ak,2025-06-21,2025-08-15,161
ak,2025-06-21,2025-08-20,161
ak,2025-06-21,2025-08-22,161
ak,2025-06-21,2025-08-27,161
ak,2025-06-21,2025-08-29,161
ak,2025-06-21,2025-09-03,161
ak,2025-06-21,2025-09-05,161
ak,2025-06-21,2025-09-10,161
ak,2025-06-21,2025-09-12,161
ak,2025-06-21,2025-09-17,161
ak,2025-06-21,2025-09-19,161
ak,2025-06-21,2025-09-24,161
ak,2025-06-21,2025-09-26,161
ak,2025-06-21,2025-11-14,161
ak,2025-06-21,2025-11-19,161
ak,2025-06-21,2025-11-21,161
ak,2025-06-21,2025-11-26,161
ak,2025-06-21,2025-12-01,161
ak,2025-06-21,2025-12-03,161
ak,2025-06-21,2025-12-05,161
ak,2025-06-21,2025-12-10,161
ak,2025-06-21,2025-12-12,161
ak,2025-06-21,2025-12-17,161
ak,2025-06-21,2025-12-19,161
ak,2025-06-21,2025-12-24,161
ak,2025-06-21,2025-12-30,161
ak,2025-06-21,2025-12-31,161
ak,2025-06-28,2025-07-02,331
ak,2025-06-28,2025-07-07,330
ak,2025-06-28,2025-07-09,338
ak,2025-06-28,2025-07-11,334
ak,2025-06-28,2025-07-16,369
ak,2025-06-28,2025-07-18,364
ak,2025-06-28,2025-07-23,393
ak,2025-06-28,2025-07-25,391
ak,2025-06-28,2025-07-30,413
ak,2025-06-28,2025-08-01,420
ak,2025-06-28,2025-08-06,423
ak,2025-06-28,2025-08-08,423
ak,2025-06-28,2025-08-13,423
ak,2025-06-28,2025-08-15,423
ak,2025-06-28,2025-08-20,423
ak,2025-06-28,2025-08-22,423
ak,2025-06-28,2025-08-27,423
ak,2025-06-28,2025-08-29,423
ak,2025-06-28,2025-09-03,423
ak,2025-06-28,2025-09-05,423
ak,2025-06-28,2025-09-10,423
ak,2025-06-28,2025-09-12,423
ak,2025-06-28,2025-09-17,423
ak,2025-06-28,2025-09-19,423
ak,2025-06-28,2025-09-24,423
ak,2025-06-28,2025-09-26,423
ak,2025-06-28,2025-11-14,423
ak,2025-06-28,2025-11-19,423
ak,2025-06-28,2025-11-21,423
ak,2025-06-28,2025-11-26,423
ak,2025-06-28,2025-12-01,423
ak,2025-06-28,2025-12-03,423
ak,2025-06-28,2025-12-05,423
ak,2025-06-28,2025-12-10,423
ak,2025-06-28,2025-12-12,423
ak,2025-06-28,2025-12-17,423
ak,2025-06-28,2025-12-19,423
ak,2025-06-28,2025-12-24,423
ak,2025-06-28,2025-12-30,423
ak,2025-06-28,2025-12-31,423
ak,2025-07-05,2025-07-09,416
ak,2025-07-05,2025-07-11,427
ak,2025-07-05,2025-07-16,448
ak,2025-07-05,2025-07-18,422
ak,2025-07-05,2025-07-23,418
ak,2025-07-05,2025-07-25,415
ak,2025-07-05,2025-07-30,416
ak,2025-07-05,2025-08-01,414
ak,2025-07-05,2025-08-06,414
ak,2025-07-05,2025-08-08,413
ak,2025-07-05,2025-08-13,412
ak,2025-07-05,2025-08-15,412
ak,2025-07-05,2025-08-20,412
ak,2025-07-05,2025-08-22,412
ak,2025-07-05,2025-08-27,412
ak,2025-07-05,2025-08-29,412
ak,2025-07-05,2025-09-03,412
ak,2025-07-05,2025-09-05,412
ak,2025-07-05,2025-09-10,412
ak,2025-07-05,2025-09-12,412
ak,2025-07-05,2025-09-17,412
ak,2025-07-05,2025-09-19,412
ak,2025-07-05,2025-09-24,412
ak,2025-07-05,2025-09-26,412
ak,2025-07-05,2025-11-14,412
ak,2025-07-05,2025-11-19,412
ak,2025-07-05,2025-11-21,412
ak,2025-07-05,2025-11-26,412
ak,2025-07-05,2025-12-01,412
ak,2025-07-05,2025-12-03,412
ak,2025-07-05,2025-12-05,412
ak,2025-07-05,2025-12-10,412
ak,2025-07-05,2025-12-12,412
ak,2025-07-05,2025-12-17,412
ak,2025-07-05,2025-12-19,412
ak,2025-07-05,2025-12-24,412
ak,2025-07-05,2025-12-30,412
ak,2025-07-05,2025-12-31,412
ak,2025-07-12,2025-07-16,474
ak,2025-07-12,2025-07-18,500
ak,2025-07-12,2025-07-23,485
ak,2025-07-12,2025-07-25,469
ak,2025-07-12,2025-07-30,476
ak,2025-07-12,2025-08-01,462
ak,2025-07-12,2025-08-06,454
ak,2025-07-12,2025-08-08,453
ak,2025-07-12,2025-08-13,448
ak,2025-07-12,2025-08-15,445
ak,2025-07-12,2025-08-20,443
ak,2025-07-12,2025-08-22,443
ak,2025-07-12,2025-08-27,443
ak,2025-07-12,2025-08-29,443
ak,2025-07-12,2025-09-03,443
ak,2025-07-12,2025-09-05,443
ak,2025-07-12,2025-09-10,443
ak,2025-07-12,2025-09-12,443
ak,2025-07-12,2025-09-17,443
ak,2025-07-12,2025-09-19,443
ak,2025-07-12,2025-09-24,443
ak,2025-07-12,2025-09-26,443
ak,2025-07-12,2025-11-14,443
ak,2025-07-12,2025-11-19,443
ak,2025-07-12,2025-11-21,443
ak,2025-07-12,2025-11-26,443
ak,2025-07-12,2025-12-01,443
ak,2025-07-12,2025-12-03,443
ak,2025-07-12,2025-12-05,443
ak,2025-07-12,2025-12-10,443
ak,2025-07-12,2025-12-12,443
ak,2025-07-12,2025-12-17,443
ak,2025-07-12,2025-12-19,443
ak,2025-07-12,2025-12-24,443
ak,2025-07-12,2025-12-30,443
ak,2025-07-12,2025-12-31,443
ak,2025-07-19,2025-07-23,337
ak,2025-07-19,2025-07-25,353
ak,2025-07-19,2025-07-30,358
ak,2025-07-19,2025-08-01,381
ak,2025-07-19,2025-08-06,378
ak,2025-07-19,2025-08-08,405
ak,2025-07-19,2025-08-13,415
ak,2025-07-19,2025-08-15,418
ak,2025-07-19,2025-08-20,436
ak,2025-07-19,2025-08-22,445
ak,2025-07-19,2025-08-27,448
ak,2025-07-19,2025-08-29,448
ak,2025-07-19,2025-09-03,448
ak,2025-07-19,2025-09-05,448
ak,2025-07-19,2025-09-10,448
ak,2025-07-19,2025-09-12,448
ak,2025-07-19,2025-09-17,448
ak,2025-07-19,2025-09-19,448
ak,2025-07-19,2025-09-24,448
ak,2025-07-19,2025-09-26,448
ak,2025-07-19,2025-11-14,448
ak,2025-07-19,2025-11-19,448
ak,2025-07-19,2025-11-21,448
ak,2025-07-19,2025-11-26,448
ak,2025-07-19,2025-12-01,448
ak,2025-07-19,2025-12-03,448
ak,2025-07-19,2025-12-05,448
ak,2025-07-19,2025-12-10,448
ak,2025-07-19,2025-12-12,448
ak,2025-07-19,2025-12-17,448
ak,2025-07-19,2025-12-19,448
ak,2025-07-19,2025-12-24,448
ak,2025-07-19,2025-12-30,448
ak,2025-07-19,2025-12-31,448
ak,2025-07-26,2025-07-30,84
ak,2025-07-26,2025-08-01,88
ak,2025-07-26,2025-08-06,83
ak,2025-07-26,2025-08-08,90
ak,2025-07-26,2025-08-13,88
ak,2025-07-26,2025-08-15,88
ak,2025-07-26,2025-08-20,89
ak,2025-07-26,2025-08-22,91
ak,2025-07-26,2025-08-27,91
ak,2025-07-26,2025-08-29,92
ak,2025-07-26,2025-09-03,92
ak,2025-07-26,2025-09-05,92
ak,2025-07-26,2025-09-10,92
ak,2025-07-26,2025-09-12,92
ak,2025-07-26,2025-09-17,92
ak,2025-07-26,2025-09-19,92
ak,2025-07-26,2025-09-24,92
ak,2025-07-26,2025-09-26,92
ak,2025-07-26,2025-11-14,92
ak,2025-07-26,2025-11-19,92
ak,2025-07-26,2025-11-21,92
ak,2025-07-26,2025-11-26,92
ak,2025-07-26,2025-12-01,92
ak,2025-07-26,2025-12-03,92
ak,2025-07-26,2025-12-05,92
ak,2025-07-26,2025-12-10,92
ak,2025-07-26,2025-12-12,92
ak,2025-07-26,2025-12-17,92
ak,2025-07-26,2025-12-19,92
ak,2025-07-26,2025-12-24,92
ak,2025-07-26,2025-12-30,92
ak,2025-07-26,2025-12-31,92
ak,2025-08-02,2025-08-06,325
ak,2025-08-02,2025-08-08,318
ak,2025-08-02,2025-08-13,327
ak,2025-08-02,2025-08-15,351
ak,2025-08-02,2025-08-20,345
ak,2025-08-02,2025-08-22,364
ak,2025-08-02,2025-08-27,372
ak,2025-08-02,2025-08-29,383
ak,2025-08-02,2025-09-03,396
ak,2025-08-02,2025-09-05,403
ak,2025-08-02,2025-09-10,406
ak,2025-08-02,2025-09-12,406
ak,2025-08-02,2025-09-17,406
ak,2025-08-02,2025-09-19,406
ak,2025-08-02,2025-09-24,406
ak,2025-08-02,2025-09-26,406
ak,2025-08-02,2025-11-14,406
ak,2025-08-02,2025-11-19,406
ak,2025-08-02,2025-11-21,406
ak,2025-08-02,2025-11-26,406
ak,2025-08-02,2025-12-01,406
ak,2025-08-02,2025-12-03,406
ak,2025-08-02,2025-12-05,406
ak,2025-08-02,2025-12-10,406
ak,2025-08-02,2025-12-12,406
ak,2025-08-02,2025-12-17,406
ak,2025-08-02,2025-12-19,406
ak,2025-08-02,2025-12-24,406
ak,2025-08-02,2025-12-30,406
ak,2025-08-02,2025-12-31,406
ak,2025-08-09,2025-08-13,138
ak,2025-08-09,2025-08-15,134
ak,2025-08-09,2025-08-20,146
ak,2025-08-09,2025-08-22,155
ak,2025-08-09,2025-08-27,162
ak,2025-08-09,2025-08-29,159
ak,2025-08-09,2025-09-03,172
ak,2025-08-09,2025-09-05,175
ak,2025-08-09,2025-09-10,187
ak,2025-08-09,2025-09-12,190
ak,2025-08-09,2025-09-17,192
ak,2025-08-09,2025-09-19,192
ak,2025-08-09,2025-09-24,192
ak,2025-08-09,2025-09-26,192
ak,2025-08-09,2025-11-14,192
ak,2025-08-09,2025-11-19,192
ak,2025-08-09,2025-11-21,192
ak,2025-08-09,2025-11-26,192
ak,2025-08-09,2025-12-01,192
ak,2025-08-09,2025-12-03,192
ak,2025-08-09,2025-12-05,192
ak,2025-08-09,2025-12-10,192
ak,2025-08-09,2025-12-12,192
ak,2025-08-09,2025-12-17,192
ak,2025-08-09,2025-12-19,192
ak,2025-08-09,2025-12-24,192
ak,2025-08-09,2025-12-30,192
ak,2025-08-09,2025-12-31,192
ak,2025-08-16,2025-08-20,65
ak,2025-08-16,2025-08-22,63
ak,2025-08-16,2025-08-27,66
ak,2025-08-16,2025-08-29,69
ak,2025-08-16,2025-09-03,75
ak,2025-08-16,2025-09-05,75
ak,2025-08-16,2025-09-10,80
ak,2025-08-16,2025-09-12,82
ak,2025-08-16,2025-09-17,85
ak,2025-08-16,2025-09-19,87
ak,2025-08-16,2025-09-24,88
ak,2025-08-16,2025-09-26,88
ak,2025-08-16,2025-11-14,88
ak,2025-08-16,2025-11-19,88
ak,2025-08-16,2025-11-21,88
ak,2025-08-16,2025-11-26,88
ak,2025-08-16,2025-12-01,88
ak,2025-08-16,2025-12-03,88
ak,2025-08-16,2025-12-05,88
ak,2025-08-16,2025-12-10,88
ak,2025-08-16,2025-12-12,88
ak,2025-08-16,2025-12-17,88
ak,2025-08-16,2025-12-19,88
ak,2025-08-16,2025-12-24,88
ak,2025-08-16,2025-12-30,88
ak,2025-08-16,2025-12-31,88
ak,2025-08-23,2025-08-27,216
ak,2025-08-23,2025-08-29,244
ak,2025-08-23,2025-09-03,241
ak,2025-08-23,2025-09-05,260
ak,2025-08-23,2025-09-10,254
ak,2025-08-23,2025-09-12,260
ak,2025-08-23,2025-09-17,275
ak,2025-08-23,2025-09-19,282
ak,2025-08-23,2025-09-24,294
ak,2025-08-23,2025-09-26,298
ak,2025-08-23,2025-11-14,300
ak,2025-08-23,2025-11-19,300
ak,2025-08-23,2025-11-21,300
ak,2025-08-23,2025-11-26,300
ak,2025-08-23,2025-12-01,300
ak,2025-08-23,2025-12-03,300
ak,2025-08-23,2025-12-05,300
ak,2025-08-23,2025-12-10,300
ak,2025-08-23,2025-12-12,300
ak,2025-08-23,2025-12-17,300
ak,2025-08-23,2025-12-19,300
ak,2025-08-23,2025-12-24,300
ak,2025-08-23,2025-12-30,300
ak,2025-08-23,2025-12-31,300
ak,2025-08-30,2025-09-03,449
ak,2025-08-30,2025-09-05,438
ak,2025-08-30,2025-09-10,452
ak,2025-08-30,2025-09-12,446
ak,2025-08-30,2025-09-17,456
ak,2025-08-30,2025-09-19,453
ak,2025-08-30,2025-09-24,470
ak,2025-08-30,2025-09-26,465
ak,2025-08-30,2025-11-14,475
ak,2025-08-30,2025-11-19,475
ak,2025-08-30,2025-11-21,475
ak,2025-08-30,2025-11-26,475
ak,2025-08-30,2025-12-01,475
ak,2025-08-30,2025-12-03,475
ak,2025-08-30,2025-12-05,475
ak,2025-08-30,2025-12-10,475
ak,2025-08-30,2025-12-12,475
ak,2025-08-30,2025-12-17,475
ak,2025-08-30,2025-12-19,475
ak,2025-08-30,2025-12-24,475
ak,2025-08-30,2025-12-30,475
ak,2025-08-30,2025-12-31,475
ak,2025-09-06,2025-09-10,105
ak,2025-09-06,2025-09-12,116
ak,2025-09-06,2025-09-17,126
ak,2025-09-06,2025-09-19,135
ak,2025-09-06,2025-09-24,139
ak,2025-09-06,2025-09-26,140
ak,2025-09-06,2025-11-14,168
ak,2025-09-06,2025-11-19,168
ak,2025-09-06,2025-11-21,168
ak,2025-09-06,2025-11-26,168
ak,2025-09-06,2025-12-01,168
ak,2025-09-06,2025-12-03,168
ak,2025-09-06,2025-12-05,168
ak,2025-09-06,2025-12-10,168
ak,2025-09-06,2025-12-12,168
ak,2025-09-06,2025-12-17,168
ak,2025-09-06,2025-12-19,168
ak,2025-09-06,2025-12-24,168
ak,2025-09-06,2025-12-30,168
ak,2025-09-06,2025-12-31,168
ak,2025-09-13,2025-09-17,289
ak,2025-09-13,2025-09-19,330
ak,2025-09-13,2025-09-24,342
ak,2025-09-13,2025-09-26,355
ak,2025-09-13,2025-11-14,423
ak,2025-09-13,2025-11-19,423
ak,2025-09-13,2025-11-21,423
ak,2025-09-13,2025-11-26,423
ak,2025-09-13,2025-12-01,423
ak,2025-09-13,2025-12-03,423
ak,2025-09-13,2025-12-05,423
ak,2025-09-13,2025-12-10,423
ak,2025-09-13,2025-12-12,423
ak,2025-09-13,2025-12-17,423
ak,2025-09-13,2025-12-19,423
ak,2025-09-13,2025-12-24,423
ak,2025-09-13,2025-12-30,423
ak,2025-09-13,2025-12-31,423
ak,2025-09-20,2025-09-24,292
ak,2025-09-20,2025-09-26,310
ak,2025-09-20,2025-11-14,458
ak,2025-09-20,2025-11-19,458
ak,2025-09-20,2025-11-21,458
ak,2025-09-20,2025-11-26,458
ak,2025-09-20,2025-12-01,458
ak,2025-09-20,2025-12-03,458
ak,2025-09-20,2025-12-05,458
ak,2025-09-20,2025-12-10,458
ak,2025-09-20,2025-12-12,458
ak,2025-09-20,2025-12-17,458
ak,2025-09-20,2025-12-19,458
ak,2025-09-20,2025-12-24,458
ak,2025-09-20,2025-12-30,458
ak,2025-09-20,2025-12-31,458
ak,2025-09-27,2025-11-14,400
ak,2025-09-27,2025-11-19,400
ak,2025-09-27,2025-11-21,400
ak,2025-09-27,2025-11-26,400
ak,2025-09-27,2025-12-01,400
ak,2025-09-27,2025-12-03,400
ak,2025-09-27,2025-12-05,400
ak,2025-09-27,2025-12-10,400
ak,2025-09-27,2025-12-12,400
ak,2025-09-27,2025-12-17,400
ak,2025-09-27,2025-12-19,400
ak,2025-09-27,2025-12-24,400
ak,2025-09-27,2025-12-30,400
ak,2025-09-27,2025-12-31,400
ak,2025-10-04,2025-11-14,443
ak,2025-10-04,2025-11-19,443
ak,2025-10-04,2025-11-21,443
ak,2025-10-04,2025-11-26,443
ak,2025-10-04,2025-12-01,443
ak,2025-10-04,2025-12-03,443
ak,2025-10-04,2025-12-05,443
ak,2025-10-04,2025-12-10,443
ak,2025-10-04,2025-12-12,443
ak,2025-10-04,2025-12-17,443
ak,2025-10-04,2025-12-19,443
ak,2025-10-04,2025-12-24,443
ak,2025-10-04,2025-12-30,443
ak,2025-10-04,2025-12-31,443
ak,2025-10-11,2025-11-14,317
ak,2025-10-11,2025-11-19,319
ak,2025-10-11,2025-11-21,319
ak,2025-10-11,2025-11-26,319
ak,2025-10-11,2025-12-01,319
ak,2025-10-11,2025-12-03,319
ak,2025-10-11,2025-12-05,319
ak,2025-10-11,2025-12-10,319
ak,2025-10-11,2025-12-12,319
ak,2025-10-11,2025-12-17,319
ak,2025-10-11,2025-12-19,319
ak,2025-10-11,2025-12-24,319
ak,2025-10-11,2025-12-30,319
ak,2025-10-11,2025-12-31,319
ak,2025-10-18,2025-11-14,323
ak,2025-10-18,2025-11-19,333
ak,2025-10-18,2025-11-21,337
ak,2025-10-18,2025-11-26,339
ak,2025-10-18,2025-12-01,339
ak,2025-10-18,2025-12-03,339
ak,2025-10-18,2025-12-05,339
ak,2025-10-18,2025-12-10,339
ak,2025-10-18,2025-12-12,339
ak,2025-10-18,2025-12-17,339
ak,2025-10-18,2025-12-19,339
ak,2025-10-18,2025-12-24,339
ak,2025-10-18,2025-12-30,339
ak,2025-10-18,2025-12-31,339
ak,2025-10-25,2025-11-14,171
ak,2025-10-25,2025-11-19,168
ak,2025-10-25,2025-11-21,167
ak,2025-10-25,2025-11-26,165
ak,2025-10-25,2025-12-01,164
ak,2025-10-25,2025-12-03,164
ak,2025-10-25,2025-12-05,164
ak,2025-10-25,2025-12-10,164
ak,2025-10-25,2025-12-12,164
ak,2025-10-25,2025-12-17,164
ak,2025-10-25,2025-12-19,164
ak,2025-10-25,2025-12-24,164
ak,2025-10-25,2025-12-30,164
ak,2025-10-25,2025-12-31,164
ak,2025-11-01,2025-11-14,318
ak,2025-11-01,2025-11-19,301
ak,2025-11-01,2025-11-21,306
ak,2025-11-01,2025-11-26,299
ak,2025-11-01,2025-12-01,301
ak,2025-11-01,2025-12-03,298
ak,2025-11-01,2025-12-05,296
ak,2025-11-01,2025-12-10,296
ak,2025-11-01,2025-12-12,296
ak,2025-11-01,2025-12-17,296
ak,2025-11-01,2025-12-19,296
ak,2025-11-01,2025-12-24,296
ak,2025-11-01,2025-12-30,296
ak,2025-11-01,2025-12-31,296
ak,2025-11-08,2025-11-14,179
ak,2025-11-08,2025-11-19,188
ak,2025-11-08,2025-11-21,189
ak,2025-11-08,2025-11-26,188
ak,2025-11-08,2025-12-01,198
ak,2025-11-08,2025-12-03,204
ak,2025-11-08,2025-12-05,206
ak,2025-11-08,2025-12-10,214
ak,2025-11-08,2025-12-12,216
ak,2025-11-08,2025-12-17,218
ak,2025-11-08,2025-12-19,218
ak,2025-11-08,2025-12-24,218
ak,2025-11-08,2025-12-30,218
ak,2025-11-08,2025-12-31,218
ak,2025-11-15,2025-11-19,297
ak,2025-11-15,2025-11-21,298
ak,2025-11-15,2025-11-26,304
ak,2025-11-15,2025-12-01,294
ak,2025-11-15,2025-12-03,291
ak,2025-11-15,2025-12-05,300
ak,2025-11-15,2025-12-10,307
ak,2025-11-15,2025-12-12,305
ak,2025-11-15,2025-12-17,308
ak,2025-11-15,2025-12-19,309
ak,2025-11-15,2025-12-24,310
ak,2025-11-15,2025-12-30,310
ak,2025-11-15,2025-12-31,310
ak,2025-11-22,2025-11-26,501
ak,2025-11-22,2025-12-01,466
ak,2025-11-22,2025-12-03,477
ak,2025-11-22,2025-12-05,482
ak,2025-11-22,2025-12-10,471
ak,2025-11-22,2025-12-12,485
ak,2025-11-22,2025-12-17,482
ak,2025-11-22,2025-12-19,483
ak,2025-11-22,2025-12-24,489
ak,2025-11-22,2025-12-30,488
ak,2025-11-22,2025-12-31,488
ak,2025-11-29,2025-12-03,421
ak,2025-11-29,2025-12-05,423
ak,2025-11-29,2025-12-10,452
ak,2025-11-29,2025-12-12,454
ak,2025-11-29,2025-12-17,439
ak,2025-11-29,2025-12-19,451
ak,2025-11-29,2025-12-24,459
ak,2025-11-29,2025-12-30,463
ak,2025-11-29,2025-12-31,469
ak,2025-12-06,2025-12-10,124
ak,2025-12-06,2025-12-12,122
ak,2025-12-06,2025-12-17,120
ak,2025-12-06,2025-12-19,115
ak,2025-12-06,2025-12-24,118
ak,2025-12-06,2025-12-30,117
ak,2025-12-06,2025-12-31,119
ak,2025-12-13,2025-12-17,269
ak,2025-12-13,2025-12-19,271
ak,2025-12-13,2025-12-24,280
ak,2025-12-13,2025-12-30,275
ak,2025-12-13,2025-12-31,272
ak,2025-12-20,2025-12-24,230
ak,2025-12-20,2025-12-30,247
ak,2025-12-20,2025-12-31,271
ak,2025-12-27,2025-12-31,296
ca,2025-01-04,2025-01-08,147
ca,2025-01-04,2025-01-10,144
ca,2025-01-04,2025-01-15,141
ca,2025-01-04,2025-01-17,138
ca,2025-01-04,2025-01-24,144
ca,2025-01-04,2025-01-29,144
ca,2025-01-04,2025-01-31,144
ca,2025-01-04,2025-02-05,145
ca,2025-01-04,2025-02-07,145
ca,2025-01-04,2025-02-12,145
ca,2025-01-04,2025-02-15,145
ca,2025-01-04,2025-02-19,145
ca,2025-01-04,2025-02-20,145
ca,2025-01-04,2025-02-22,145
ca,2025-01-04,2025-02-26,145
ca,2025-01-04,2025-02-28,145
ca,2025-01-04,2025-03-05,145
ca,2025-01-04,2025-03-07,145
ca,2025-01-04,2025-03-12,145
ca,2025-01-04,2025-03-14,145
ca,2025-01-04,2025-03-19,145
ca,2025-01-04,2025-03-21,145
ca,2025-01-04,2025-03-26,145
ca,2025-01-04,2025-03-28,145
ca,2025-01-04,2025-04-02,145
ca,2025-01-04,2025-04-04,145
ca,2025-01-04,2025-04-09,145
ca,2025-01-04,2025-04-11,145
ca,2025-01-04,2025-04-16,145
ca,2025-01-04,2025-04-18,145
ca,2025-01-04,2025-04-23,145
ca,2025-01-04,2025-04-25,145
ca,2025-01-04,2025-04-30,145
ca,2025-01-04,2025-05-02,145
ca,2025-01-04,2025-05-07,145
ca,2025-01-04,2025-05-09,145
ca,2025-01-04,2025-05-14,145
ca,2025-01-04,2025-05-16,145
ca,2025-01-04,2025-05-21,145
ca,2025-01-04,2025-05-23,145
ca,2025-01-04,2025-05-28,145
ca,2025-01-04,2025-05-30,145
ca,2025-01-04,2025-06-04,145
ca,2025-01-04,2025-06-06,145
ca,2025-01-04,2025-06-11,145
ca,2025-01-04,2025-06-13,145
ca,2025-01-04,2025-06-18,145
ca,2025-01-04,2025-06-20,145
ca,2025-01-04,2025-06-25,145
ca,2025-01-04,2025-06-27,145
ca,2025-01-04,2025-07-02,145
ca,2025-01-04,2025-07-07,145
ca,2025-01-04,2025-07-09,145
ca,2025-01-04,2025-07-11,145
ca,2025-01-04,2025-07-16,145
ca,2025-01-04,2025-07-18,145
ca,2025-01-04,2025-07-23,145
ca,2025-01-04,2025-07-25,145
ca,2025-01-04,2025-07-30,145
ca,2025-01-04,2025-08-01,145
ca,2025-01-04,2025-08-06,145
ca,2025-01-04,2025-08-08,145
ca,2025-01-04,2025-08-13,145
ca,2025-01-04,2025-08-15,145
ca,2025-01-04,2025-08-20,145
ca,2025-01-04,2025-08-22,145
ca,2025-01-04,2025-08-27,145
ca,2025-01-04,2025-08-29,145
ca,2025-01-04,2025-09-03,145
ca,2025-01-04,2025-09-05,145
ca,2025-01-04,2025-09-10,145
ca,2025-01-04,2025-09-12,145
ca,2025-01-04,2025-09-17,145
ca,2025-01-04,2025-09-19,145
ca,2025-01-04,2025-09-24,145
ca,2025-01-04,2025-09-26,145
ca,2025-01-04,2025-11-14,145
ca,2025-01-04,2025-11-19,145
ca,2025-01-04,2025-11-21,145
ca,2025-01-04,2025-11-26,145
ca,2025-01-04,2025-12-01,145
ca,2025-01-04,2025-12-03,145
ca,2025-01-04,2025-12-05,145
ca,2025-01-04,2025-12-10,145
ca,2025-01-04,2025-12-12,145
ca,2025-01-04,2025-12-17,145
ca,2025-01-04,2025-12-19,145
ca,2025-01-04,2025-12-24,145
ca,2025-01-04,2025-12-30,145
ca,2025-01-04,2025-12-31,145
ca,2025-01-11,2025-01-15,363
ca,2025-01-11,2025-01-17,348
ca,2025-01-11,2025-01-24,395
ca,2025-01-11,2025-01-29,407
ca,2025-01-11,2025-01-31,408
ca,2025-01-11,2025-02-05,429
ca,2025-01-11,2025-02-07,438
ca,2025-01-11,2025-02-12,460
ca,2025-01-11,2025-02-15,473
ca,2025-01-11,2025-02-19,473
ca,2025-01-11,2025-02-20,473
ca,2025-01-11,2025-02-22,473
ca,2025-01-11,2025-02-26,473
ca,2025-01-11,2025-02-28,473
ca,2025-01-11,2025-03-05,473
ca,2025-01-11,2025-03-07,473
ca,2025-01-11,2025-03-12,473
ca,2025-01-11,2025-03-14,473
ca,2025-01-11,2025-03-19,473
ca,2025-01-11,2025-03-21,473
ca,2025-01-11,2025-03-26,473
ca,2025-01-11,2025-03-28,473
ca,2025-01-11,2025-04-02,473
ca,2025-01-11,2025-04-04,473
ca,2025-01-11,2025-04-09,473
ca,2025-01-11,2025-04-11,473
ca,2025-01-11,2025-04-16,473
ca,2025-01-11,2025-04-18,473
ca,2025-01-11,2025-04-23,473
ca,2025-01-11,2025-04-25,473
ca,2025-01-11,2025-04-30,473
ca,2025-01-11,2025-05-02,473
ca,2025-01-11,2025-05-07,473
ca,2025-01-11,2025-05-09,473
ca,2025-01-11,2025-05-14,473
ca,2025-01-11,2025-05-16,473
ca,2025-01-11,2025-05-21,473
ca,2025-01-11,2025-05-23,473
ca,2025-01-11,2025-05-28,473
ca,2025-01-11,2025-05-30,473
ca,2025-01-11,2025-06-04,473
ca,2025-01-11,2025-06-06,473
ca,2025-01-11,2025-06-11,473
ca,2025-01-11,2025-06-13,473
ca,2025-01-11,2025-06-18,473
ca,2025-01-11,2025-06-20,473
ca,2025-01-11,2025-06-25,473
ca,2025-01-11,2025-06-27,473
ca,2025-01-11,2025-07-02,473
ca,2025-01-11,2025-07-07,473
ca,2025-01-11,2025-07-09,473
ca,2025-01-11,2025-07-11,473
ca,2025-01-11,2025-07-16,473
ca,2025-01-11,2025-07-18,473
ca,2025-01-11,2025-07-23,473
ca,2025-01-11,2025-07-25,473
ca,2025-01-11,2025-07-30,473
ca,2025-01-11,2025-08-01,473
ca,2025-01-11,2025-08-06,473
ca,2025-01-11,2025-08-08,473
ca,2025-01-11,2025-08-13,473
ca,2025-01-11,2025-08-15,473
ca,2025-01-11,2025-08-20,473
ca,2025-01-11,2025-08-22,473
ca,2025-01-11,2025-08-27,473
ca,2025-01-11,2025-08-29,473
ca,2025-01-11,2025-09-03,473
ca,2025-01-11,2025-09-05,473
ca,2025-01-11,2025-09-10,473
ca,2025-01-11,2025-09-12,473
ca,2025-01-11,2025-09-17,473
ca,2025-01-11,2025-09-19,473
ca,2025-01-11,2025-09-24,473
ca,2025-01-11,2025-09-26,473
ca,2025-01-11,2025-11-14,473
ca,2025-01-11,2025-11-19,473
ca,2025-01-11,2025-11-21,473
ca,2025-01-11,2025-11-26,473
ca,2025-01-11,2025-12-01,473
ca,2025-01-11,2025-12-03,473
ca,2025-01-11,2025-12-05,473
ca,2025-01-11,2025-12-10,473
ca,2025-01-11,2025-12-12,473
ca,2025-01-11,2025-12-17,473
ca,2025-01-11,2025-12-19,473
ca,2025-01-11,2025-12-24,473
ca,2025-01-11,2025-12-30,473
ca,2025-01-11,2025-12-31,473
ca,2025-01-18,2025-01-24,124
ca,2025-01-18,2025-01-29,129
ca,2025-01-18,2025-01-31,121
ca,2025-01-18,2025-02-05,131
ca,2025-01-18,2025-02-07,128
ca,2025-01-18,2025-02-12,128
ca,2025-01-18,2025-02-15,131
ca,2025-01-18,2025-02-19,132
ca,2025-01-18,2025-02-20,132
ca,2025-01-18,2025-02-22,133
ca,2025-01-18,2025-02-26,133
ca,2025-01-18,2025-02-28,133
ca,2025-01-18,2025-03-05,133
ca,2025-01-18,2025-03-07,133
ca,2025-01-18,2025-03-12,133
ca,2025-01-18,2025-03-14,133
ca,2025-01-18,2025-03-19,133
ca,2025-01-18,2025-03-21,133
ca,2025-01-18,2025-03-26,133
ca,2025-01-18,2025-03-28,133
ca,2025-01-18,2025-04-02,133
ca,2025-01-18,2025-04-04,133
ca,2025-01-18,2025-04-09,133
ca,2025-01-18,2025-04-11,133
ca,2025-01-18,2025-04-16,133
ca,2025-01-18,2025-04-18,133
ca,2025-01-18,2025-04-23,133
ca,2025-01-18,2025-04-25,133
ca,2025-01-18,2025-04-30,133
ca,2025-01-18,2025-05-02,133
ca,2025-01-18,2025-05-07,133
ca,2025-01-18,2025-05-09,133
ca,2025-01-18,2025-05-14,133
ca,2025-01-18,2025-05-16,133
ca,2025-01-18,2025-05-21,133
ca,2025-01-18,2025-05-23,133
ca,2025-01-18,2025-05-28,133
ca,2025-01-18,2025-05-30,133
ca,2025-01-18,2025-06-04,133
ca,2025-01-18,2025-06-06,133
ca,2025-01-18,2025-06-11,133
ca,2025-01-18,2025-06-13,133
ca,2025-01-18,2025-06-18,133
ca,2025-01-18,2025-06-20,133
ca,2025-01-18,2025-06-25,133
ca,2025-01-18,2025-06-27,133
ca,2025-01-18,2025-07-02,133
ca,2025-01-18,2025-07-07,133
ca,2025-01-18,2025-07-09,133
ca,2025-01-18,2025-07-11,133
ca,2025-01-18,2025-07-16,133
ca,2025-01-18,2025-07-18,133
ca,2025-01-18,2025-07-23,133
ca,2025-01-18,2025-07-25,133
ca,2025-01-18,2025-07-30,133
ca,2025-01-18,2025-08-01,133
ca,2025-01-18,2025-08-06,133
ca,2025-01-18,2025-08-08,133
ca,2025-01-18,2025-08-13,133
ca,2025-01-18,2025-08-15,133
ca,2025-01-18,2025-08-20,133
ca,2025-01-18,2025-08-22,133
ca,2025-01-18,2025-08-27,133
ca,2025-01-18,2025-08-29,133
ca,2025-01-18,2025-09-03,133
ca,2025-01-18,2025-09-05,133
ca,2025-01-18,2025-09-10,133
ca,2025-01-18,2025-09-12,133
ca,2025-01-18,2025-09-17,133
ca,2025-01-18,2025-09-19,133
ca,2025-01-18,2025-09-24,133
ca,2025-01-18,2025-09-26,133
ca,2025-01-18,2025-11-14,133
ca,2025-01-18,2025-11-19,133
ca,2025-01-18,2025-11-21,133
ca,2025-01-18,2025-11-26,133
ca,2025-01-18,2025-12-01,133
ca,2025-01-18,2025-12-03,133
ca,2025-01-18,2025-12-05,133
ca,2025-01-18,2025-12-10,133
ca,2025-01-18,2025-12-12,133
ca,2025-01-18,2025-12-17,133
ca,2025-01-18,2025-12-19,133
ca,2025-01-18,2025-12-24,133
ca,2025-01-18,2025-12-30,133
ca,2025-01-18,2025-12-31,133
ca,2025-01-25,2025-01-29,209
ca,2025-01-25,2025-01-31,224
ca,2025-01-25,2025-02-05,230
ca,2025-01-25,2025-02-07,251
ca,2025-01-25,2025-02-12,265
ca,2025-01-25,2025-02-15,272
ca,2025-01-25,2025-02-19,286
ca,2025-01-25,2025-02-20,286
ca,2025-01-25,2025-02-22,294
ca,2025-01-25,2025-02-26,308
ca,2025-01-25,2025-02-28,314
ca,2025-01-25,2025-03-05,317
ca,2025-01-25,2025-03-07,317
ca,2025-01-25,2025-03-12,317
ca,2025-01-25,2025-03-14,317
ca,2025-01-25,2025-03-19,317
ca,2025-01-25,2025-03-21,317
ca,2025-01-25,2025-03-26,317
ca,2025-01-25,2025-03-28,317
ca,2025-01-25,2025-04-02,317
ca,2025-01-25,2025-04-04,317
ca,2025-01-25,2025-04-09,317
ca,2025-01-25,2025-04-11,317
ca,2025-01-25,2025-04-16,317
ca,2025-01-25,2025-04-18,317
ca,2025-01-25,2025-04-23,317
ca,2025-01-25,2025-04-25,317
ca,2025-01-25,2025-04-30,317
ca,2025-01-25,2025-05-02,317
ca,2025-01-25,2025-05-07,317
ca,2025-01-25,2025-05-09,317
ca,2025-01-25,2025-05-14,317
ca,2025-01-25,2025-05-16,317
ca,2025-01-25,2025-05-21,317
ca,2025-01-25,2025-05-23,317
ca,2025-01-25,2025-05-28,317
ca,2025-01-25,2025-05-30,317
ca,2025-01-25,2025-06-04,317
ca,2025-01-25,2025-06-06,317
ca,2025-01-25,2025-06-11,317
ca,2025-01-25,2025-06-13,317
ca,2025-01-25,2025-06-18,317
ca,2025-01-25,2025-06-20,317
ca,2025-01-25,2025-06-25,317
ca,2025-01-25,2025-06-27,317
ca,2025-01-25,2025-07-02,317
ca,2025-01-25,2025-07-07,317
ca,2025-01-25,2025-07-09,317
ca,2025-01-25,2025-07-11,317
ca,2025-01-25,2025-07-16,317
ca,2025-01-25,2025-07-18,317
ca,2025-01-25,2025-07-23,317
ca,2025-01-25,2025-07-25,317
ca,2025-01-25,2025-07-30,317
ca,2025-01-25,2025-08-01,317
ca,2025-01-25,2025-08-06,317
ca,2025-01-25,2025-08-08,317
ca,2025-01-25,2025-08-13,317
ca,2025-01-25,2025-08-15,317
ca,2025-01-25,2025-08-20,317
ca,2025-01-25,2025-08-22,317
ca,2025-01-25,2025-08-27,317
ca,2025-01-25,2025-08-29,317
ca,2025-01-25,2025-09-03,317
ca,2025-01-25,2025-09-05,317
ca,2025-01-25,2025-09-10,317
ca,2025-01-25,2025-09-12,317
ca,2025-01-25,2025-09-17,317
ca,2025-01-25,2025-09-19,317
ca,2025-01-25,2025-09-24,317
ca,2025-01-25,2025-09-26,317
ca,2025-01-25,2025-11-14,317
ca,2025-01-25,2025-11-19,317
ca,2025-01-25,2025-11-21,317
ca,2025-01-25,2025-11-26,317
ca,2025-01-25,2025-12-01,317
ca,2025-01-25,2025-12-03,317
ca,2025-01-25,2025-12-05,317
ca,2025-01-25,2025-12-10,317
ca,2025-01-25,2025-12-12,317
ca,2025-01-25,2025-12-17,317
ca,2025-01-25,2025-12-19,317
ca,2025-01-25,2025-12-24,317
ca,2025-01-25,2025-12-30,317
ca,2025-01-25,2025-12-31,317
ca,2025-02-01,2025-02-05,148
ca,2025-02-01,2025-02-07,155
ca,2025-02-01,2025-02-12,151
ca,2025-02-01,2025-02-15,151
ca,2025-02-01,2025-02-19,147
ca,2025-02-01,2025-02-20,142
ca,2025-02-01,2025-02-22,143
ca,2025-02-01,2025-02-26,146
ca,2025-02-01,2025-02-28,144
ca,2025-02-01,2025-03-05,143
ca,2025-02-01,2025-03-07,142
ca,2025-02-01,2025-03-12,142
ca,2025-02-01,2025-03-14,142
ca,2025-02-01,2025-03-19,142
ca,2025-02-01,2025-03-21,142
ca,2025-02-01,2025-03-26,142
ca,2025-02-01,2025-03-28,142
ca,2025-02-01,2025-04-02,142
ca,2025-02-01,2025-04-04,142
ca,2025-02-01,2025-04-09,142
ca,2025-02-01,2025-04-11,142
ca,2025-02-01,2025-04-16,142
ca,2025-02-01,2025-04-18,142
ca,2025-02-01,2025-04-23,142
ca,2025-02-01,2025-04-25,142
ca,2025-02-01,2025-04-30,142
ca,2025-02-01,2025-05-02,142
ca,2025-02-01,2025-05-07,142
ca,2025-02-01,2025-05-09,142
ca,2025-02-01,2025-05-14,142
ca,2025-02-01,2025-05-16,142
ca,2025-02-01,2025-05-21,142
ca,2025-02-01,2025-05-23,142
ca,2025-02-01,2025-05-28,142
ca,2025-02-01,2025-05-30,142
ca,2025-02-01,2025-06-04,142
ca,2025-02-01,2025-06-06,142
ca,2025-02-01,2025-06-11,142
ca,2025-02-01,2025-06-13,142
ca,2025-02-01,2025-06-18,142
ca,2025-02-01,2025-06-20,142
ca,2025-02-01,2025-06-25,142
ca,2025-02-01,2025-06-27,142
ca,2025-02-01,2025-07-02,142
ca,2025-02-01,2025-07-07,142
ca,2025-02-01,2025-07-09,142
ca,2025-02-01,2025-07-11,142
ca,2025-02-01,2025-07-16,142
ca,2025-02-01,2025-07-18,142
ca,2025-02-01,2025-07-23,142
ca,2025-02-01,2025-07-25,142
ca,2025-02-01,2025-07-30,142
ca,2025-02-01,2025-08-01,142
ca,2025-02-01,2025-08-06,142
ca,2025-02-01,2025-08-08,142
ca,2025-02-01,2025-08-13,142
ca,2025-02-01,2025-08-15,142
ca,2025-02-01,2025-08-20,142
ca,2025-02-01,2025-08-22,142
ca,2025-02-01,2025-08-27,142
ca,2025-02-01,2025-08-29,142
ca,2025-02-01,2025-09-03,142
ca,2025-02-01,2025-09-05,142
ca,2025-02-01,2025-09-10,142
ca,2025-02-01,2025-09-12,142
ca,2025-02-01,2025-09-17,142
ca,2025-02-01,2025-09-19,142
ca,2025-02-01,2025-09-24,142
ca,2025-02-01,2025-09-26,142
ca,2025-02-01,2025-11-14,142
ca,2025-02-01,2025-11-19,142
ca,2025-02-01,2025-11-21,142
ca,2025-02-01,2025-11-26,142
ca,2025-02-01,2025-12-01,142
ca,2025-02-01,2025-12-03,142
ca,2025-02-01,2025-12-05,142
ca,2025-02-01,2025-12-10,142
ca,2025-02-01,2025-12-12,142
ca,2025-02-01,2025-12-17,142
ca,2025-02-01,2025-12-19,142
ca,2025-02-01,2025-12-24,142
ca,2025-02-01,2025-12-30,142
ca,2025-02-01,2025-12-31,142
ca,2025-02-08,2025-02-12,360
ca,2025-02-08,2025-02-15,341
ca,2025-02-08,2025-02-19,374
ca,2025-02-08,2025-02-20,368
ca,2025-02-08,2025-02-22,378
ca,2025-02-08,2025-02-26,377
ca,2025-02-08,2025-02-28,395
ca,2025-02-08,2025-03-05,410
ca,2025-02-08,2025-03-07,415
ca,2025-02-08,2025-03-12,429
ca,2025-02-08,2025-03-14,437
ca,2025-02-08,2025-03-19,440
ca,2025-02-08,2025-03-21,440
ca,2025-02-08,2025-03-26,440
ca,2025-02-08,2025-03-28,440
ca,2025-02-08,2025-04-02,440
ca,2025-02-08,2025-04-04,440
ca,2025-02-08,2025-04-09,440
ca,2025-02-08,2025-04-11,440
ca,2025-02-08,2025-04-16,440
ca,2025-02-08,2025-04-18,440
ca,2025-02-08,2025-04-23,440
ca,2025-02-08,2025-04-25,440
ca,2025-02-08,2025-04-30,440
ca,2025-02-08,2025-05-02,440
ca,2025-02-08,2025-05-07,440
ca,2025-02-08,2025-05-09,440
ca,2025-02-08,2025-05-14,440
ca,2025-02-08,2025-05-16,440
ca,2025-02-08,2025-05-21,440
ca,2025-02-08,2025-05-23,440
ca,2025-02-08,2025-05-28,440
ca,2025-02-08,2025-05-30,440
ca,2025-02-08,2025-06-04,440
ca,2025-02-08,2025-06-06,440
ca,2025-02-08,2025-06-11,440
ca,2025-02-08,2025-06-13,440
ca,2025-02-08,2025-06-18,440
ca,2025-02-08,2025-06-20,440
ca,2025-02-08,2025-06-25,440
ca,2025-02-08,2025-06-27,440
ca,2025-02-08,2025-07-02,440
ca,2025-02-08,2025-07-07,440
ca,2025-02-08,2025-07-09,440
ca,2025-02-08,2025-07-11,440
ca,2025-02-08,2025-07-16,440
ca,2025-02-08,2025-07-18,440
ca,2025-02-08,2025-07-23,440
ca,2025-02-08,2025-07-25,440
ca,2025-02-08,2025-07-30,440
ca,2025-02-08,2025-08-01,440
ca,2025-02-08,2025-08-06,440
ca,2025-02-08,2025-08-08,440
ca,2025-02-08,2025-08-13,440
ca,2025-02-08,2025-08-15,440
ca,2025-02-08,2025-08-20,440
ca,2025-02-08,2025-08-22,440
ca,2025-02-08,2025-08-27,440
ca,2025-02-08,2025-08-29,440
ca,2025-02-08,2025-09-03,440
ca,2025-02-08,2025-09-05,440
ca,2025-02-08,2025-09-10,440
ca,2025-02-08,2025-09-12,440
ca,2025-02-08,2025-09-17,440
ca,2025-02-08,2025-09-19,440
ca,2025-02-08,2025-09-24,440
ca,2025-02-08,2025-09-26,440
ca,2025-02-08,2025-11-14,440
ca,2025-02-08,2025-11-19,440
ca,2025-02-08,2025-11-21,440
ca,2025-02-08,2025-11-26,440
ca,2025-02-08,2025-12-01,440
ca,2025-02-08,2025-12-03,440
ca,2025-02-08,2025-12-05,440
ca,2025-02-08,2025-12-10,440
ca,2025-02-08,2025-12-12,440
ca,2025-02-08,2025-12-17,440
ca,2025-02-08,2025-12-19,440
ca,2025-02-08,2025-12-24,440
ca,2025-02-08,2025-12-30,440
ca,2025-02-08,2025-12-31,440
ca,2025-02-15,2025-02-19,154
ca,2025-02-15,2025-02-20,149
ca,2025-02-15,2025-02-22,163
ca,2025-02-15,2025-02-26,158
ca,2025-02-15,2025-02-28,161
ca,2025-02-15,2025-03-05,178
ca,2025-02-15,2025-03-07,175
ca,2025-02-15,2025-03-12,186
ca,2025-02-15,2025-03-14,183
ca,2025-02-15,2025-03-19,193
ca,2025-02-15,2025-03-21,197
ca,2025-02-15,2025-03-26,198
ca,2025-02-15,2025-03-28,198
ca,2025-02-15,2025-04-02,198
ca,2025-02-15,2025-04-04,198
ca,2025-02-15,2025-04-09,198
ca,2025-02-15,2025-04-11,198
ca,2025-02-15,2025-04-16,198
ca,2025-02-15,2025-04-18,198
ca,2025-02-15,2025-04-23,198
ca,2025-02-15,2025-04-25,198
ca,2025-02-15,2025-04-30,198
ca,2025-02-15,2025-05-02,198
ca,2025-02-15,2025-05-07,198
ca,2025-02-15,2025-05-09,198
ca,2025-02-15,2025-05-14,198
ca,2025-02-15,2025-05-16,198
ca,2025-02-15,2025-05-21,198
ca,2025-02-15,2025-05-23,198
ca,2025-02-15,2025-05-28,198
ca,2025-02-15,2025-05-30,198
ca,2025-02-15,2025-06-04,198
ca,2025-02-15,2025-06-06,198
ca,2025-02-15,2025-06-11,198
ca,2025-02-15,2025-06-13,198
ca,2025-02-15,2025-06-18,198
ca,2025-02-15,2025-06-20,198
ca,2025-02-15,2025-06-25,198
ca,2025-02-15,2025-06-27,198
ca,2025-02-15,2025-07-02,198
ca,2025-02-15,2025-07-07,198
ca,2025-02-15,2025-07-09,198
ca,2025-02-15,2025-07-11,198
ca,2025-02-15,2025-07-16,198
ca,2025-02-15,2025-07-18,198
ca,2025-02-15,2025-07-23,198
ca,2025-02-15,2025-07-25,198
ca,2025-02-15,2025-07-30,198
ca,2025-02-15,2025-08-01,198
ca,2025-02-15,2025-08-06,198
ca,2025-02-15,2025-08-08,198
ca,2025-02-15,2025-08-13,198
ca,2025-02-15,2025-08-15,198
ca,2025-02-15,2025-08-20,198
ca,2025-02-15,2025-08-22,198
ca,2025-02-15,2025-08-27,198
ca,2025-02-15,2025-08-29,198
ca,2025-02-15,2025-09-03,198
ca,2025-02-15,2025-09-05,198
ca,2025-02-15,2025-09-10,198
ca,2025-02-15,2025-09-12,198
ca,2025-02-15,2025-09-17,198
ca,2025-02-15,2025-09-19,198
ca,2025-02-15,2025-09-24,198
ca,2025-02-15,2025-09-26,198
ca,2025-02-15,2025-11-14,198
ca,2025-02-15,2025-11-19,198
ca,2025-02-15,2025-11-21,198
ca,2025-02-15,2025-11-26,198
ca,2025-02-15,2025-12-01,198
ca,2025-02-15,2025-12-03,198
ca,2025-02-15,2025-12-05,198
ca,2025-02-15,2025-12-10,198
ca,2025-02-15,2025-12-12,198
ca,2025-02-15,2025-12-17,198
ca,2025-02-15,2025-12-19,198
ca,2025-02-15,2025-12-24,198
ca,2025-02-15,2025-12-30,198
ca,2025-02-15,2025-12-31,198
ca,2025-02-22,2025-02-26,192
ca,2025-02-22,2025-02-28,182
ca,2025-02-22,2025-03-05,191
ca,2025-02-22,2025-03-07,192
ca,2025-02-22,2025-03-12,188
ca,2025-02-22,2025-03-14,182
ca,2025-02-22,2025-03-19,187
ca,2025-02-22,2025-03-21,186
ca,2025-02-22,2025-03-26,185
ca,2025-02-22,2025-03-28,184
ca,2025-02-22,2025-04-02,184
ca,2025-02-22,2025-04-04,184
ca,2025-02-22,2025-04-09,184
ca,2025-02-22,2025-04-11,184
ca,2025-02-22,2025-04-16,184
ca,2025-02-22,2025-04-18,184
ca,2025-02-22,2025-04-23,184
ca,2025-02-22,2025-04-25,184
ca,2025-02-22,2025-04-30,184
ca,2025-02-22,2025-05-02,184
ca,2025-02-22,2025-05-07,184
ca,2025-02-22,2025-05-09,184
ca,2025-02-22,2025-05-14,184
ca,2025-02-22,2025-05-16,184
ca,2025-02-22,2025-05-21,184
ca,2025-02-22,2025-05-23,184
ca,2025-02-22,2025-05-28,184
ca,2025-02-22,2025-05-30,184
ca,2025-02-22,2025-06-04,184
ca,2025-02-22,2025-06-06,184
ca,2025-02-22,2025-06-11,184
ca,2025-02-22,2025-06-13,184
ca,2025-02-22,2025-06-18,184
ca,2025-02-22,2025-06-20,184
ca,2025-02-22,2025-06-25,184
ca,2025-02-22,2025-06-27,184
ca,2025-02-22,2025-07-02,184
ca,2025-02-22,2025-07-07,184
ca,2025-02-22,2025-07-09,184
ca,2025-02-22,2025-07-11,184
ca,2025-02-22,2025-07-16,184
ca,2025-02-22,2025-07-18,184
ca,2025-02-22,2025-07-23,184
ca,2025-02-22,2025-07-25,184
ca,2025-02-22,2025-07-30,184
ca,2025-02-22,2025-08-01,184
ca,2025-02-22,2025-08-06,184
ca,2025-02-22,2025-08-08,184
ca,2025-02-22,2025-08-13,184
ca,2025-02-22,2025-08-15,184
ca,2025-02-22,2025-08-20,184
ca,2025-02-22,2025-08-22,184
ca,2025-02-22,2025-08-27,184
ca,2025-02-22,2025-08-29,184
ca,2025-02-22,2025-09-03,184
ca,2025-02-22,2025-09-05,184
ca,2025-02-22,2025-09-10,184
ca,2025-02-22,2025-09-12,184
ca,2025-02-22,2025-09-17,184
ca,2025-02-22,2025-09-19,184
ca,2025-02-22,2025-09-24,184
ca,2025-02-22,2025-09-26,184
ca,2025-02-22,2025-11-14,184
ca,2025-02-22,2025-11-19,184
ca,2025-02-22,2025-11-21,184
ca,2025-02-22,2025-11-26,184
ca,2025-02-22,2025-12-01,184
ca,2025-02-22,2025-12-03,184
ca,2025-02-22,2025-12-05,184
ca,2025-02-22,2025-12-10,184
ca,2025-02-22,2025-12-12,184
ca,2025-02-22,2025-12-17,184
ca,2025-02-22,2025-12-19,184
ca,2025-02-22,2025-12-24,184
ca,2025-02-22,2025-12-30,184
ca,2025-02-22,2025-12-31,184
ca,2025-03-01,2025-03-05,250
ca,2025-03-01,2025-03-07,237
ca,2025-03-01,2025-03-12,268
ca,2025-03-01,2025-03-14,276
ca,2025-03-01,2025-03-19,294
ca,2025-03-01,2025-03-21,293
ca,2025-03-01,2025-03-26,306
ca,2025-03-01,2025-03-28,317
ca,2025-03-01,2025-04-02,329
ca,2025-03-01,2025-04-04,335
ca,2025-03-01,2025-04-09,338
ca,2025-03-01,2025-04-11,338
ca,2025-03-01,2025-04-16,338
ca,2025-03-01,2025-04-18,338
ca,2025-03-01,2025-04-23,338
ca,2025-03-01,2025-04-25,338
ca,2025-03-01,2025-04-30,338
ca,2025-03-01,2025-05-02,338
ca,2025-03-01,2025-05-07,338
ca,2025-03-01,2025-05-09,338
ca,2025-03-01,2025-05-14,338
ca,2025-03-01,2025-05-16,338
ca,2025-03-01,2025-05-21,338
ca,2025-03-01,2025-05-23,338
ca,2025-03-01,2025-05-28,338
ca,2025-03-01,2025-05-30,338
ca,2025-03-01,2025-06-04,338
ca,2025-03-01,2025-06-06,338
ca,2025-03-01,2025-06-11,338
ca,2025-03-01,2025-06-13,338
ca,2025-03-01,2025-06-18,338
ca,2025-03-01,2025-06-20,338
ca,2025-03-01,2025-06-25,338
ca,2025-03-01,2025-06-27,338
ca,2025-03-01,2025-07-02,338
ca,2025-03-01,2025-07-07,338
ca,2025-03-01,2025-07-09,338
ca,2025-03-01,2025-07-11,338
ca,2025-03-01,2025-07-16,338
ca,2025-03-01,2025-07-18,338
ca,2025-03-01,2025-07-23,338
ca,2025-03-01,2025-07-25,338
ca,2025-03-01,2025-07-30,338
ca,2025-03-01,2025-08-01,338
ca,2025-03-01,2025-08-06,338
ca,2025-03-01,2025-08-08,338
ca,2025-03-01,2025-08-13,338
ca,2025-03-01,2025-08-15,338
ca,2025-03-01,2025-08-20,338
ca,2025-03-01,2025-08-22,338
ca,2025-03-01,2025-08-27,338
ca,2025-03-01,2025-08-29,338
ca,2025-03-01,2025-09-03,338
ca,2025-03-01,2025-09-05,338
ca,2025-03-01,2025-09-10,338
ca,2025-03-01,2025-09-12,338
ca,2025-03-01,2025-09-17,338
ca,2025-03-01,2025-09-19,338
ca,2025-03-01,2025-09-24,338
ca,2025-03-01,2025-09-26,338
ca,2025-03-01,2025-11-14,338
ca,2025-03-01,2025-11-19,338
ca,2025-03-01,2025-11-21,338
ca,2025-03-01,2025-11-26,338
ca,2025-03-01,2025-12-01,338
ca,2025-03-01,2025-12-03,338
ca,2025-03-01,2025-12-05,338
ca,2025-03-01,2025-12-10,338
ca,2025-03-01,2025-12-12,338
ca,2025-03-01,2025-12-17,338
ca,2025-03-01,2025-12-19,338
ca,2025-03-01,2025-12-24,338
ca,2025-03-01,2025-12-30,338
ca,2025-03-01,2025-12-31,338
ca,2025-03-08,2025-03-12,325
ca,2025-03-08,2025-03-14,334
ca,2025-03-08,2025-03-19,334
ca,2025-03-08,2025-03-21,329
ca,2025-03-08,2025-03-26,354
ca,2025-03-08,2025-03-28,365
ca,2025-03-08,2025-04-02,376
ca,2025-03-08,2025-04-04,385
ca,2025-03-08,2025-04-09,399
ca,2025-03-08,2025-04-11,408
ca,2025-03-08,2025-04-16,411
ca,2025-03-08,2025-04-18,411
ca,2025-03-08,2025-04-23,411
ca,2025-03-08,2025-04-25,411
ca,2025-03-08,2025-04-30,411
ca,2025-03-08,2025-05-02,411
ca,2025-03-08,2025-05-07,411
ca,2025-03-08,2025-05-09,411
ca,2025-03-08,2025-05-14,411
ca,2025-03-08,2025-05-16,411
ca,2025-03-08,2025-05-21,411
ca,2025-03-08,2025-05-23,411
ca,2025-03-08,2025-05-28,411
ca,2025-03-08,2025-05-30,411
ca,2025-03-08,2025-06-04,411
ca,2025-03-08,2025-06-06,411
ca,2025-03-08,2025-06-11,411
ca,2025-03-08,2025-06-13,411
ca,2025-03-08,2025-06-18,411
ca,2025-03-08,2025-06-20,411
ca,2025-03-08,2025-06-25,411
ca,2025-03-08,2025-06-27,411
ca,2025-03-08,2025-07-02,411
ca,2025-03-08,2025-07-07,411
ca,2025-03-08,2025-07-09,411
ca,2025-03-08,2025-07-11,411
ca,2025-03-08,2025-07-16,411
ca,2025-03-08,2025-07-18,411
ca,2025-03-08,2025-07-23,411
ca,2025-03-08,2025-07-25,411
ca,2025-03-08,2025-07-30,411
ca,2025-03-08,2025-08-01,411
ca,2025-03-08,2025-08-06,411
ca,2025-03-08,2025-08-08,411
ca,2025-03-08,2025-08-13,411
ca,2025-03-08,2025-08-15,411
ca,2025-03-08,2025-08-20,411
ca,2025-03-08,2025-08-22,411
ca,2025-03-08,2025-08-27,411
ca,2025-03-08,2025-08-29,411
ca,2025-03-08,2025-09-03,411
ca,2025-03-08,2025-09-05,411
ca,2025-03-08,2025-09-10,411
ca,2025-03-08,2025-09-12,411
ca,2025-03-08,2025-09-17,411
ca,2025-03-08,2025-09-19,411
ca,2025-03-08,2025-09-24,411
ca,2025-03-08,2025-09-26,411
ca,2025-03-08,2025-11-14,411
ca,2025-03-08,2025-11-19,411
ca,2025-03-08,2025-11-21,411
ca,2025-03-08,2025-11-26,411
ca,2025-03-08,2025-12-01,411
ca,2025-03-08,2025-12-03,411
ca,2025-03-08,2025-12-05,411
ca,2025-03-08,2025-12-10,411
ca,2025-03-08,2025-12-12,411
ca,2025-03-08,2025-12-17,411
ca,2025-03-08,2025-12-19,411
ca,2025-03-08,2025-12-24,411
ca,2025-03-08,2025-12-30,411
ca,2025-03-08,2025-12-31,411
ca,2025-03-15,2025-03-19,165
ca,2025-03-15,2025-03-21,160
ca,2025-03-15,2025-03-26,168
ca,2025-03-15,2025-03-28,178
ca,2025-03-15,2025-04-02,184
ca,2025-03-15,2025-04-04,189
ca,2025-03-15,2025-04-09,189
ca,2025-03-15,2025-04-11,196
ca,2025-03-15,2025-04-16,204
ca,2025-03-15,2025-04-18,208
ca,2025-03-15,2025-04-23,209
ca,2025-03-15,2025-04-25,209
ca,2025-03-15,2025-04-30,209
ca,2025-03-15,2025-05-02,209
ca,2025-03-15,2025-05-07,209
ca,2025-03-15,2025-05-09,209
ca,2025-03-15,2025-05-14,209
ca,2025-03-15,2025-05-16,209
ca,2025-03-15,2025-05-21,209
ca,2025-03-15,2025-05-23,209
ca,2025-03-15,2025-05-28,209
ca,2025-03-15,2025-05-30,209
ca,2025-03-15,2025-06-04,209
ca,2025-03-15,2025-06-06,209
ca,2025-03-15,2025-06-11,209
ca,2025-03-15,2025-06-13,209
ca,2025-03-15,2025-06-18,209
ca,2025-03-15,2025-06-20,209
ca,2025-03-15,2025-06-25,209
ca,2025-03-15,2025-06-27,209
ca,2025-03-15,2025-07-02,209
ca,2025-03-15,2025-07-07,209
ca,2025-03-15,2025-07-09,209
ca,2025-03-15,2025-07-11,209
ca,2025-03-15,2025-07-16,209
ca,2025-03-15,2025-07-18,209
ca,2025-03-15,2025-07-23,209
ca,2025-03-15,2025-07-25,209
ca,2025-03-15,2025-07-30,209
ca,2025-03-15,2025-08-01,209
ca,2025-03-15,2025-08-06,209
ca,2025-03-15,2025-08-08,209
ca,2025-03-15,2025-08-13,209
ca,2025-03-15,2025-08-15,209
ca,2025-03-15,2025-08-20,209
ca,2025-03-15,2025-08-22,209
ca,2025-03-15,2025-08-27,209
ca,2025-03-15,2025-08-29,209
ca,2025-03-15,2025-09-03,209
ca,2025-03-15,2025-09-05,209
ca,2025-03-15,2025-09-10,209
ca,2025-03-15,2025-09-12,209
ca,2025-03-15,2025-09-17,209
ca,2025-03-15,2025-09-19,209
ca,2025-03-15,2025-09-24,209
ca,2025-03-15,2025-09-26,209
ca,2025-03-15,2025-11-14,209
ca,2025-03-15,2025-11-19,209
ca,2025-03-15,2025-11-21,209
ca,2025-03-15,2025-11-26,209
ca,2025-03-15,2025-12-01,209
ca,2025-03-15,2025-12-03,209
ca,2025-03-15,2025-12-05,209
ca,2025-03-15,2025-12-10,209
ca,2025-03-15,2025-12-12,209
ca,2025-03-15,2025-12-17,209
ca,2025-03-15,2025-12-19,209
ca,2025-03-15,2025-12-24,209
ca,2025-03-15,2025-12-30,209
ca,2025-03-15,2025-12-31,209
ca,2025-03-22,2025-03-26,257
ca,2025-03-22,2025-03-28,258
ca,2025-03-22,2025-04-02,271
ca,2025-03-22,2025-04-04,282
ca,2025-03-22,2025-04-09,283
ca,2025-03-22,2025-04-11,295
ca,2025-03-22,2025-04-16,305
ca,2025-03-22,2025-04-18,308
ca,2025-03-22,2025-04-23,328
ca,2025-03-22,2025-04-25,333
ca,2025-03-22,2025-04-30,336
ca,2025-03-22,2025-05-02,336
ca,2025-03-22,2025-05-07,336
ca,2025-03-22,2025-05-09,336
ca,2025-03-22,2025-05-14,336
ca,2025-03-22,2025-05-16,336
ca,2025-03-22,2025-05-21,336
ca,2025-03-22,2025-05-23,336
ca,2025-03-22,2025-05-28,336
ca,2025-03-22,2025-05-30,336
ca,2025-03-22,2025-06-04,336
ca,2025-03-22,2025-06-06,336
ca,2025-03-22,2025-06-11,336
ca,2025-03-22,2025-06-13,336
ca,2025-03-22,2025-06-18,336
ca,2025-03-22,2025-06-20,336
ca,2025-03-22,2025-06-25,336
ca,2025-03-22,2025-06-27,336
ca,2025-03-22,2025-07-02,336
ca,2025-03-22,2025-07-07,336
ca,2025-03-22,2025-07-09,336
ca,2025-03-22,2025-07-11,336
ca,2025-03-22,2025-07-16,336
ca,2025-03-22,2025-07-18,336
ca,2025-03-22,2025-07-23,336
ca,2025-03-22,2025-07-25,336
ca,2025-03-22,2025-07-30,336
ca,2025-03-22,2025-08-01,336
ca,2025-03-22,2025-08-06,336
ca,2025-03-22,2025-08-08,336
ca,2025-03-22,2025-08-13,336
ca,2025-03-22,2025-08-15,336
ca,2025-03-22,2025-08-20,336
ca,2025-03-22,2025-08-22,336
ca,2025-03-22,2025-08-27,336
ca,2025-03-22,2025-08-29,336
ca,2025-03-22,2025-09-03,336
ca,2025-03-22,2025-09-05,336
ca,2025-03-22,2025-09-10,336
ca,2025-03-22,2025-09-12,336
ca,2025-03-22,2025-09-17,336
ca,2025-03-22,2025-09-19,336
ca,2025-03-22,2025-09-24,336
ca,2025-03-22,2025-09-26,336
ca,2025-03-22,2025-11-14,336
ca,2025-03-22,2025-11-19,336
ca,2025-03-22,2025-11-21,336
ca,2025-03-22,2025-11-26,336
ca,2025-03-22,2025-12-01,336
ca,2025-03-22,2025-12-03,336
ca,2025-03-22,2025-12-05,336
ca,2025-03-22,2025-12-10,336
ca,2025-03-22,2025-12-12,336
ca,2025-03-22,2025-12-17,336
ca,2025-03-22,2025-12-19,336
ca,2025-03-22,2025-12-24,336
ca,2025-03-22,2025-12-30,336
ca,2025-03-22,2025-12-31,336
ca,2025-03-29,2025-04-02,330
ca,2025-03-29,2025-04-04,349
ca,2025-03-29,2025-04-09,366
ca,2025-03-29,2025-04-11,357
ca,2025-03-29,2025-04-16,385
ca,2025-03-29,2025-04-18,391
ca,2025-03-29,2025-04-23,418
ca,2025-03-29,2025-04-25,422
ca,2025-03-29,2025-04-30,436
ca,2025-03-29,2025-05-02,442
ca,2025-03-29,2025-05-07,446
ca,2025-03-29,2025-05-09,446
ca,2025-03-29,2025-05-14,446
ca,2025-03-29,2025-05-16,446
ca,2025-03-29,2025-05-21,446
ca,2025-03-29,2025-05-23,446
ca,2025-03-29,2025-05-28,446
ca,2025-03-29,2025-05-30,446
ca,2025-03-29,2025-06-04,446
ca,2025-03-29,2025-06-06,446
ca,2025-03-29,2025-06-11,446
ca,2025-03-29,2025-06-13,446
ca,2025-03-29,2025-06-18,446
ca,2025-03-29,2025-06-20,446
ca,2025-03-29,2025-06-25,446
ca,2025-03-29,2025-06-27,446
ca,2025-03-29,2025-07-02,446
ca,2025-03-29,2025-07-07,446
ca,2025-03-29,2025-07-09,446
ca,2025-03-29,2025-07-11,446
ca,2025-03-29,2025-07-16,446
ca,2025-03-29,2025-07-18,446
ca,2025-03-29,2025-07-23,446
ca,2025-03-29,2025-07-25,446
ca,2025-03-29,2025-07-30,446
ca,2025-03-29,2025-08-01,446
ca,2025-03-29,2025-08-06,446
ca,2025-03-29,2025-08-08,446
ca,2025-03-29,2025-08-13,446
ca,2025-03-29,2025-08-15,446
ca,2025-03-29,2025-08-20,446
ca,2025-03-29,2025-08-22,446
ca,2025-03-29,2025-08-27,446
ca,2025-03-29,2025-08-29,446
ca,2025-03-29,2025-09-03,446
ca,2025-03-29,2025-09-05,446
ca,2025-03-29,2025-09-10,446
ca,2025-03-29,2025-09-12,446
ca,2025-03-29,2025-09-17,446
ca,2025-03-29,2025-09-19,446
ca,2025-03-29,2025-09-24,446
ca,2025-03-29,2025-09-26,446
ca,2025-03-29,2025-11-14,446
ca,2025-03-29,2025-11-19,446
ca,2025-03-29,2025-11-21,446
ca,2025-03-29,2025-11-26,446
ca,2025-03-29,2025-12-01,446
ca,2025-03-29,2025-12-03,446
ca,2025-03-29,2025-12-05,446
ca,2025-03-29,2025-12-10,446
ca,2025-03-29,2025-12-12,446
ca,2025-03-29,2025-12-17,446
ca,2025-03-29,2025-12-19,446
ca,2025-03-29,2025-12-24,446
ca,2025-03-29,2025-12-30,446
ca,2025-03-29,2025-12-31,446
ca,2025-04-05,2025-04-09,289
ca,2025-04-05,2025-04-11,281
ca,2025-04-05,2025-04-16,294
ca,2025-04-05,2025-04-18,290
ca,2025-04-05,2025-04-23,287
ca,2025-04-05,2025-04-25,283
ca,2025-04-05,2025-04-30,283
ca,2025-04-05,2025-05-02,284
ca,2025-04-05,2025-05-07,283
ca,2025-04-05,2025-05-09,283
ca,2025-04-05,2025-05-14,283
ca,2025-04-05,2025-05-16,283
ca,2025-04-05,2025-05-21,283
ca,2025-04-05,2025-05-23,283
ca,2025-04-05,2025-05-28,283
ca,2025-04-05,2025-05-30,283
ca,2025-04-05,2025-06-04,283
ca,2025-04-05,2025-06-06,283
ca,2025-04-05,2025-06-11,283
ca,2025-04-05,2025-06-13,283
ca,2025-04-05,2025-06-18,283
ca,2025-04-05,2025-06-20,283
ca,2025-04-05,2025-06-25,283
ca,2025-04-05,2025-06-27,283
ca,2025-04-05,2025-07-02,283
ca,2025-04-05,2025-07-07,283
ca,2025-04-05,2025-07-09,283
ca,2025-04-05,2025-07-11,283
ca,2025-04-05,2025-07-16,283
ca,2025-04-05,2025-07-18,283
ca,2025-04-05,2025-07-23,283
ca,2025-04-05,2025-07-25,283
ca,2025-04-05,2025-07-30,283
ca,2025-04-05,2025-08-01,283
ca,2025-04-05,2025-08-06,283
ca,2025-04-05,2025-08-08,283
ca,2025-04-05,2025-08-13,283
ca,2025-04-05,2025-08-15,283
ca,2025-04-05,2025-08-20,283
ca,2025-04-05,2025-08-22,283
ca,2025-04-05,2025-08-27,283
ca,2025-04-05,2025-08-29,283
ca,2025-04-05,2025-09-03,283
ca,2025-04-05,2025-09-05,283
ca,2025-04-05,2025-09-10,283
ca,2025-04-05,2025-09-12,283
ca,2025-04-05,2025-09-17,283
ca,2025-04-05,2025-09-19,283
ca,2025-04-05,2025-09-24,283
ca,2025-04-05,2025-09-26,283
ca,2025-04-05,2025-11-14,283
ca,2025-04-05,2025-11-19,283
ca,2025-04-05,2025-11-21,283
ca,2025-04-05,2025-11-26,283
ca,2025-04-05,2025-12-01,283
ca,2025-04-05,2025-12-03,283
ca,2025-04-05,2025-12-05,283
ca,2025-04-05,2025-12-10,283
ca,2025-04-05,2025-12-12,283
ca,2025-04-05,2025-12-17,283
ca,2025-04-05,2025-12-19,283
ca,2025-04-05,2025-12-24,283
ca,2025-04-05,2025-12-30,283
ca,2025-04-05,2025-12-31,283
ca,2025-04-12,2025-04-16,256
ca,2025-04-12,2025-04-18,255
ca,2025-04-12,2025-04-23,261
ca,2025-04-12,2025-04-25,246
ca,2025-04-12,2025-04-30,252
ca,2025-04-12,2025-05-02,248
ca,2025-04-12,2025-05-07,245
ca,2025-04-12,2025-05-09,246
ca,2025-04-12,2025-05-14,241
ca,2025-04-12,2025-05-16,239
ca,2025-04-12,2025-05-21,238
ca,2025-04-12,2025-05-23,238
ca,2025-04-12,2025-05-28,238
ca,2025-04-12,2025-05-30,238
ca,2025-04-12,2025-06-04,238
ca,2025-04-12,2025-06-06,238
ca,2025-04-12,2025-06-11,238
ca,2025-04-12,2025-06-13,238
ca,2025-04-12,2025-06-18,238
ca,2025-04-12,2025-06-20,238
ca,2025-04-12,2025-06-25,238
ca,2025-04-12,2025-06-27,238
ca,2025-04-12,2025-07-02,238
ca,2025-04-12,2025-07-07,238
ca,2025-04-12,2025-07-09,238
ca,2025-04-12,2025-07-11,238
ca,2025-04-12,2025-07-16,238
ca,2025-04-12,2025-07-18,238
ca,2025-04-12,2025-07-23,238
ca,2025-04-12,2025-07-25,238
ca,2025-04-12,2025-07-30,238
ca,2025-04-12,2025-08-01,238
ca,2025-04-12,2025-08-06,238
ca,2025-04-12,2025-08-08,238
ca,2025-04-12,2025-08-13,238
ca,2025-04-12,2025-08-15,238
ca,2025-04-12,2025-08-20,238
ca,2025-04-12,2025-08-22,238
ca,2025-04-12,2025-08-27,238
ca,2025-04-12,2025-08-29,238
ca,2025-04-12,2025-09-03,238
ca,2025-04-12,2025-09-05,238
ca,2025-04-12,2025-09-10,238
ca,2025-04-12,2025-09-12,238
ca,2025-04-12,2025-09-17,238
ca,2025-04-12,2025-09-19,238
ca,2025-04-12,2025-09-24,238
ca,2025-04-12,2025-09-26,238
ca,2025-04-12,2025-11-14,238
ca,2025-04-12,2025-11-19,238
ca,2025-04-12,2025-11-21,238
ca,2025-04-12,2025-11-26,238
ca,2025-04-12,2025-12-01,238
ca,2025-04-12,2025-12-03,238
ca,2025-04-12,2025-12-05,238
ca,2025-04-12,2025-12-10,238
ca,2025-04-12,2025-12-12,238
ca,2025-04-12,2025-12-17,238
ca,2025-04-12,2025-12-19,238
ca,2025-04-12,2025-12-24,238
ca,2025-04-12,2025-12-30,238
ca,2025-04-12,2025-12-31,238
ca,2025-04-19,2025-04-23,118
ca,2025-04-19,2025-04-25,121
ca,2025-04-19,2025-04-30,118
ca,2025-04-19,2025-05-02,125
ca,2025-04-19,2025-05-07,133
ca,2025-04-19,2025-05-09,133
ca,2025-04-19,2025-05-14,136
ca,2025-04-19,2025-05-16,139
ca,2025-04-19,2025-05-21,146
ca,2025-04-19,2025-05-23,150
ca,2025-04-19,2025-05-28,151
ca,2025-04-19,2025-05-30,151
ca,2025-04-19,2025-06-04,151
ca,2025-04-19,2025-06-06,151
ca,2025-04-19,2025-06-11,151
ca,2025-04-19,2025-06-13,151
ca,2025-04-19,2025-06-18,151
ca,2025-04-19,2025-06-20,151
ca,2025-04-19,2025-06-25,151
ca,2025-04-19,2025-06-27,151
ca,2025-04-19,2025-07-02,151
ca,2025-04-19,2025-07-07,151
ca,2025-04-19,2025-07-09,151
ca,2025-04-19,2025-07-11,151
ca,2025-04-19,2025-07-16,151
ca,2025-04-19,2025-07-18,151
ca,2025-04-19,2025-07-23,151
ca,2025-04-19,2025-07-25,151
ca,2025-04-19,2025-07-30,151
ca,2025-04-19,2025-08-01,151
ca,2025-04-19,2025-08-06,151
ca,2025-04-19,2025-08-08,151
ca,2025-04-19,2025-08-13,151
ca,2025-04-19,2025-08-15,151
ca,2025-04-19,2025-08-20,151
ca,2025-04-19,2025-08-22,151
ca,2025-04-19,2025-08-27,151
ca,2025-04-19,2025-08-29,151
ca,2025-04-19,2025-09-03,151
ca,2025-04-19,2025-09-05,151
ca,2025-04-19,2025-09-10,151
ca,2025-04-19,2025-09-12,151
ca,2025-04-19,2025-09-17,151
ca,2025-04-19,2025-09-19,151
ca,2025-04-19,2025-09-24,151
ca,2025-04-19,2025-09-26,151
ca,2025-04-19,2025-11-14,151
ca,2025-04-19,2025-11-19,151
ca,2025-04-19,2025-11-21,151
ca,2025-04-19,2025-11-26,151
ca,2025-04-19,2025-12-01,151
ca,2025-04-19,2025-12-03,151
ca,2025-04-19,2025-12-05,151
ca,2025-04-19,2025-12-10,151
ca,2025-04-19,2025-12-12,151
ca,2025-04-19,2025-12-17,151
ca,2025-04-19,2025-12-19,151
ca,2025-04-19,2025-12-24,151
ca,2025-04-19,2025-12-30,151
ca,2025-04-19,2025-12-31,151
ca,2025-04-26,2025-04-30,269
ca,2025-04-26,2025-05-02,257
ca,2025-04-26,2025-05-07,270
ca,2025-04-26,2025-05-09,274
ca,2025-04-26,2025-05-14,307
ca,2025-04-26,2025-05-16,310
ca,2025-04-26,2025-05-21,332
ca,2025-04-26,2025-05-23,334
ca,2025-04-26,2025-05-28,353
ca,2025-04-26,2025-05-30,361
ca,2025-04-26,2025-06-04,364
ca,2025-04-26,2025-06-06,364
ca,2025-04-26,2025-06-11,364
ca,2025-04-26,2025-06-13,364
ca,2025-04-26,2025-06-18,364
ca,2025-04-26,2025-06-20,364
ca,2025-04-26,2025-06-25,364
ca,2025-04-26,2025-06-27,364
ca,2025-04-26,2025-07-02,364
ca,2025-04-26,2025-07-07,364
ca,2025-04-26,2025-07-09,364
ca,2025-04-26,2025-07-11,364
ca,2025-04-26,2025-07-16,364
ca,2025-04-26,2025-07-18,364
ca,2025-04-26,2025-07-23,364
ca,2025-04-26,2025-07-25,364
ca,2025-04-26,2025-07-30,364
ca,2025-04-26,2025-08-01,364
ca,2025-04-26,2025-08-06,364
ca,2025-04-26,2025-08-08,364
ca,2025-04-26,2025-08-13,364
ca,2025-04-26,2025-08-15,364
ca,2025-04-26,2025-08-20,364
ca,2025-04-26,2025-08-22,364
ca,2025-04-26,2025-08-27,364
ca,2025-04-26,2025-08-29,364
ca,2025-04-26,2025-09-03,364
ca,2025-04-26,2025-09-05,364
ca,2025-04-26,2025-09-10,364
ca,2025-04-26,2025-09-12,364
ca,2025-04-26,2025-09-17,364
ca,2025-04-26,2025-09-19,364
ca,2025-04-26,2025-09-24,364
ca,2025-04-26,2025-09-26,364
ca,2025-04-26,2025-11-14,364
ca,2025-04-26,2025-11-19,364
ca,2025-04-26,2025-11-21,364
ca,2025-04-26,2025-11-26,364
ca,2025-04-26,2025-12-01,364
ca,2025-04-26,2025-12-03,364
ca,2025-04-26,2025-12-05,364
ca,2025-04-26,2025-12-10,364
ca,2025-04-26,2025-12-12,364
ca,2025-04-26,2025-12-17,364
ca,2025-04-26,2025-12-19,364
ca,2025-04-26,2025-12-24,364
ca,2025-04-26,2025-12-30,364
ca,2025-04-26,2025-12-31,364
ca,2025-05-03,2025-05-07,264
ca,2025-05-03,2025-05-09,274
ca,2025-05-03,2025-05-14,266
ca,2025-05-03,2025-05-16,269
ca,2025-05-03,2025-05-21,275
ca,2025-05-03,2025-05-23,269
ca,2025-05-03,2025-05-28,275
ca,2025-05-03,2025-05-30,278
ca,2025-05-03,2025-06-04,279
ca,2025-05-03,2025-06-06,279
ca,2025-05-03,2025-06-11,280
ca,2025-05-03,2025-06-13,280
ca,2025-05-03,2025-06-18,280
ca,2025-05-03,2025-06-20,280
ca,2025-05-03,2025-06-25,280
ca,2025-05-03,2025-06-27,280
ca,2025-05-03,2025-07-02,280
ca,2025-05-03,2025-07-07,280
ca,2025-05-03,2025-07-09,280
ca,2025-05-03,2025-07-11,280
ca,2025-05-03,2025-07-16,280
ca,2025-05-03,2025-07-18,280
ca,2025-05-03,2025-07-23,280
ca,2025-05-03,2025-07-25,280
ca,2025-05-03,2025-07-30,280
ca,2025-05-03,2025-08-01,280
ca,2025-05-03,2025-08-06,280
ca,2025-05-03,2025-08-08,280
ca,2025-05-03,2025-08-13,280
ca,2025-05-03,2025-08-15,280
ca,2025-05-03,2025-08-20,280
ca,2025-05-03,2025-08-22,280
ca,2025-05-03,2025-08-27,280
ca,2025-05-03,2025-08-29,280
ca,2025-05-03,2025-09-03,280
ca,2025-05-03,2025-09-05,280
ca,2025-05-03,2025-09-10,280
ca,2025-05-03,2025-09-12,280
ca,2025-05-03,2025-09-17,280
ca,2025-05-03,2025-09-19,280
ca,2025-05-03,2025-09-24,280
ca,2025-05-03,2025-09-26,280
ca,2025-05-03,2025-11-14,280
ca,2025-05-03,2025-11-19,280
ca,2025-05-03,2025-11-21,280
ca,2025-05-03,2025-11-26,280
ca,2025-05-03,2025-12-01,280
ca,2025-05-03,2025-12-03,280
ca,2025-05-03,2025-12-05,280
ca,2025-05-03,2025-12-10,280
ca,2025-05-03,2025-12-12,280
ca,2025-05-03,2025-12-17,280
ca,2025-05-03,2025-12-19,280
ca,2025-05-03,2025-12-24,280
ca,2025-05-03,2025-12-30,280
ca,2025-05-03,2025-12-31,280
ca,2025-05-10,2025-05-14,188
ca,2025-05-10,2025-05-16,192
ca,2025-05-10,2025-05-21,191
ca,2025-05-10,2025-05-23,194
ca,2025-05-10,2025-05-28,203
ca,2025-05-10,2025-05-30,204
ca,2025-05-10,2025-06-04,199
ca,2025-05-10,2025-06-06,197
ca,2025-05-10,2025-06-11,200
ca,2025-05-10,2025-06-13,199
ca,2025-05-10,2025-06-18,199
ca,2025-05-10,2025-06-20,199
ca,2025-05-10,2025-06-25,199
ca,2025-05-10,2025-06-27,199
ca,2025-05-10,2025-07-02,199
ca,2025-05-10,2025-07-07,199
ca,2025-05-10,2025-07-09,199
ca,2025-05-10,2025-07-11,199
ca,2025-05-10,2025-07-16,199
ca,2025-05-10,2025-07-18,199
ca,2025-05-10,2025-07-23,199
ca,2025-05-10,2025-07-25,199
ca,2025-05-10,2025-07-30,199
ca,2025-05-10,2025-08-01,199
ca,2025-05-10,2025-08-06,199
ca,2025-05-10,2025-08-08,199
ca,2025-05-10,2025-08-13,199
ca,2025-05-10,2025-08-15,199
ca,2025-05-10,2025-08-20,199
ca,2025-05-10,2025-08-22,199
ca,2025-05-10,2025-08-27,199
ca,2025-05-10,2025-08-29,199
ca,2025-05-10,2025-09-03,199
ca,2025-05-10,2025-09-05,199
ca,2025-05-10,2025-09-10,199
ca,2025-05-10,2025-09-12,199
ca,2025-05-10,2025-09-17,199
ca,2025-05-10,2025-09-19,199
ca,2025-05-10,2025-09-24,199
ca,2025-05-10,2025-09-26,199
ca,2025-05-10,2025-11-14,199
ca,2025-05-10,2025-11-19,199
ca,2025-05-10,2025-11-21,199
ca,2025-05-10,2025-11-26,199
ca,2025-05-10,2025-12-01,199
ca,2025-05-10,2025-12-03,199
ca,2025-05-10,2025-12-05,199
ca,2025-05-10,2025-12-10,199
ca,2025-05-10,2025-12-12,199
ca,2025-05-10,2025-12-17,199
ca,2025-05-10,2025-12-19,199
ca,2025-05-10,2025-12-24,199
ca,2025-05-10,2025-12-30,199
ca,2025-05-10,2025-12-31,199
ca,2025-05-17,2025-05-21,262
ca,2025-05-17,2025-05-23,265
ca,2025-05-17,2025-05-28,275
ca,2025-05-17,2025-05-30,285
ca,2025-05-17,2025-06-04,324
ca,2025-05-17,2025-06-06,331
ca,2025-05-17,2025-06-11,358
ca,2025-05-17,2025-06-13,367
ca,2025-05-17,2025-06-18,383
ca,2025-05-17,2025-06-20,393
ca,2025-05-17,2025-06-25,398
ca,2025-05-17,2025-06-27,398
ca,2025-05-17,2025-07-02,398
ca,2025-05-17,2025-07-07,398
ca,2025-05-17,2025-07-09,398
ca,2025-05-17,2025-07-11,398
ca,2025-05-17,2025-07-16,398
ca,2025-05-17,2025-07-18,398
ca,2025-05-17,2025-07-23,398
ca,2025-05-17,2025-07-25,398
ca,2025-05-17,2025-07-30,398
ca,2025-05-17,2025-08-01,398
ca,2025-05-17,2025-08-06,398
ca,2025-05-17,2025-08-08,398
ca,2025-05-17,2025-08-13,398
ca,2025-05-17,2025-08-15,398
ca,2025-05-17,2025-08-20,398
ca,2025-05-17,2025-08-22,398
ca,2025-05-17,2025-08-27,398
ca,2025-05-17,2025-08-29,398
ca,2025-05-17,2025-09-03,398
ca,2025-05-17,2025-09-05,398
ca,2025-05-17,2025-09-10,398
ca,2025-05-17,2025-09-12,398
ca,2025-05-17,2025-09-17,398
ca,2025-05-17,2025-09-19,398
ca,2025-05-17,2025-09-24,398
ca,2025-05-17,2025-09-26,398
ca,2025-05-17,2025-11-14,398
ca,2025-05-17,2025-11-19,398
ca,2025-05-17,2025-11-21,398
ca,2025-05-17,2025-11-26,398
ca,2025-05-17,2025-12-01,398
ca,2025-05-17,2025-12-03,398
ca,2025-05-17,2025-12-05,398
ca,2025-05-17,2025-12-10,398
ca,2025-05-17,2025-12-12,398
ca,2025-05-17,2025-12-17,398
ca,2025-05-17,2025-12-19,398
ca,2025-05-17,2025-12-24,398
ca,2025-05-17,2025-12-30,398
ca,2025-05-17,2025-12-31,398
ca,2025-05-24,2025-05-28,292
ca,2025-05-24,2025-05-30,307
ca,2025-05-24,2025-06-04,299
ca,2025-05-24,2025-06-06,305
ca,2025-05-24,2025-06-11,304
ca,2025-05-24,2025-06-13,300
ca,2025-05-24,2025-06-18,299
ca,2025-05-24,2025-06-20,295
ca,2025-05-24,2025-06-25,296
ca,2025-05-24,2025-06-27,296
ca,2025-05-24,2025-07-02,296
ca,2025-05-24,2025-07-07,296
ca,2025-05-24,2025-07-09,296
ca,2025-05-24,2025-07-11,296
ca,2025-05-24,2025-07-16,296
ca,2025-05-24,2025-07-18,296
ca,2025-05-24,2025-07-23,296
ca,2025-05-24,2025-07-25,296
ca,2025-05-24,2025-07-30,296
ca,2025-05-24,2025-08-01,296
ca,2025-05-24,2025-08-06,296
ca,2025-05-24,2025-08-08,296
ca,2025-05-24,2025-08-13,296
ca,2025-05-24,2025-08-15,296
ca,2025-05-24,2025-08-20,296
ca,2025-05-24,2025-08-22,296
ca,2025-05-24,2025-08-27,296
ca,2025-05-24,2025-08-29,296
ca,2025-05-24,2025-09-03,296
ca,2025-05-24,2025-09-05,296
ca,2025-05-24,2025-09-10,296
ca,2025-05-24,2025-09-12,296
ca,2025-05-24,2025-09-17,296
ca,2025-05-24,2025-09-19,296
ca,2025-05-24,2025-09-24,296
ca,2025-05-24,2025-09-26,296
ca,2025-05-24,2025-11-14,296
ca,2025-05-24,2025-11-19,296
ca,2025-05-24,2025-11-21,296
ca,2025-05-24,2025-11-26,296
ca,2025-05-24,2025-12-01,296
ca,2025-05-24,2025-12-03,296
ca,2025-05-24,2025-12-05,296
ca,2025-05-24,2025-12-10,296
ca,2025-05-24,2025-12-12,296
ca,2025-05-24,2025-12-17,296
ca,2025-05-24,2025-12-19,296
ca,2025-05-24,2025-12-24,296
ca,2025-05-24,2025-12-30,296
ca,2025-05-24,2025-12-31,296
ca,2025-05-31,2025-06-04,405
ca,2025-05-31,2025-06-06,412
ca,2025-05-31,2025-06-11,436
ca,2025-05-31,2025-06-13,438
ca,2025-05-31,2025-06-18,445
ca,2025-05-31,2025-06-20,426
ca,2025-05-31,2025-06-25,447
ca,2025-05-31,2025-06-27,446
ca,2025-05-31,2025-07-02,463
ca,2025-05-31,2025-07-07,470
ca,2025-05-31,2025-07-09,470
ca,2025-05-31,2025-07-11,470
ca,2025-05-31,2025-07-16,470
ca,2025-05-31,2025-07-18,470
ca,2025-05-31,2025-07-23,470
ca,2025-05-31,2025-07-25,470
ca,2025-05-31,2025-07-30,470
ca,2025-05-31,2025-08-01,470
ca,2025-05-31,2025-08-06,470
ca,2025-05-31,2025-08-08,470
ca,2025-05-31,2025-08-13,470
ca,2025-05-31,2025-08-15,470
ca,2025-05-31,2025-08-20,470
ca,2025-05-31,2025-08-22,470
ca,2025-05-31,2025-08-27,470
ca,2025-05-31,2025-08-29,470
ca,2025-05-31,2025-09-03,470
ca,2025-05-31,2025-09-05,470
ca,2025-05-31,2025-09-10,470
ca,2025-05-31,2025-09-12,470
ca,2025-05-31,2025-09-17,470
ca,2025-05-31,2025-09-19,470
ca,2025-05-31,2025-09-24,470
ca,2025-05-31,2025-09-26,470
ca,2025-05-31,2025-11-14,470
ca,2025-05-31,2025-11-19,470
ca,2025-05-31,2025-11-21,470
ca,2025-05-31,2025-11-26,470
ca,2025-05-31,2025-12-01,470
ca,2025-05-31,2025-12-03,470
ca,2025-05-31,2025-12-05,470
ca,2025-05-31,2025-12-10,470
ca,2025-05-31,2025-12-12,470
ca,2025-05-31,2025-12-17,470
ca,2025-05-31,2025-12-19,470
ca,2025-05-31,2025-12-24,470
ca,2025-05-31,2025-12-30,470
ca,2025-05-31,2025-12-31,470
ca,2025-06-07,2025-06-11,243
ca,2025-06-07,2025-06-13,269
ca,2025-06-07,2025-06-18,276
ca,2025-06-07,2025-06-20,289
ca,2025-06-07,2025-06-25,297
ca,2025-06-07,2025-06-27,298
ca,2025-06-07,2025-07-02,323
ca,2025-06-07,2025-07-07,336
ca,2025-06-07,2025-07-09,340
ca,2025-06-07,2025-07-11,347
ca,2025-06-07,2025-07-16,350
ca,2025-06-07,2025-07-18,350
ca,2025-06-07,2025-07-23,350
ca,2025-06-07,2025-07-25,350
ca,2025-06-07,2025-07-30,350
ca,2025-06-07,2025-08-01,350
ca,2025-06-07,2025-08-06,350
ca,2025-06-07,2025-08-08,350
ca,2025-06-07,2025-08-13,350
ca,2025-06-07,2025-08-15,350
ca,2025-06-07,2025-08-20,350
ca,2025-06-07,2025-08-22,350
ca,2025-06-07,2025-08-27,350
ca,2025-06-07,2025-08-29,350
ca,2025-06-07,2025-09-03,350
ca,2025-06-07,2025-09-05,350
ca,2025-06-07,2025-09-10,350
ca,2025-06-07,2025-09-12,350
ca,2025-06-07,2025-09-17,350
ca,2025-06-07,2025-09-19,350
ca,2025-06-07,2025-09-24,350
ca,2025-06-07,2025-09-26,350
ca,2025-06-07,2025-11-14,350
ca,2025-06-07,2025-11-19,350
ca,2025-06-07,2025-11-21,350
ca,2025-06-07,2025-11-26,350
ca,2025-06-07,2025-12-01,350
ca,2025-06-07,2025-12-03,350
ca,2025-06-07,2025-12-05,350
ca,2025-06-07,2025-12-10,350
ca,2025-06-07,2025-12-12,350
ca,2025-06-07,2025-12-17,350
ca,2025-06-07,2025-12-19,350
ca,2025-06-07,2025-12-24,350
ca,2025-06-07,2025-12-30,350
ca,2025-06-07,2025-12-31,350
ca,2025-06-14,2025-06-18,184
ca,2025-06-14,2025-06-20,180
ca,2025-06-14,2025-06-25,179
ca,2025-06-14,2025-06-27,176
ca,2025-06-14,2025-07-02,171
ca,2025-06-14,2025-07-07,172
ca,2025-06-14,2025-07-09,173
ca,2025-06-14,2025-07-11,172
ca,2025-06-14,2025-07-16,169
ca,2025-06-14,2025-07-18,168
ca,2025-06-14,2025-07-23,167
ca,2025-06-14,2025-07-25,167
ca,2025-06-14,2025-07-30,167
ca,2025-06-14,2025-08-01,167
ca,2025-06-14,2025-08-06,167
ca,2025-06-14,2025-08-08,167
ca,2025-06-14,2025-08-13,167
ca,2025-06-14,2025-08-15,167
ca,2025-06-14,2025-08-20,167
ca,2025-06-14,2025-08-22,167
ca,2025-06-14,2025-08-27,167
ca,2025-06-14,2025-08-29,167
ca,2025-06-14,2025-09-03,167
ca,2025-06-14,2025-09-05,167
ca,2025-06-14,2025-09-10,167
ca,2025-06-14,2025-09-12,167
ca,2025-06-14,2025-09-17,167
ca,2025-06-14,2025-09-19,167
ca,2025-06-14,2025-09-24,167
ca,2025-06-14,2025-09-26,167
ca,2025-06-14,2025-11-14,167
ca,2025-06-14,2025-11-19,167
ca,2025-06-14,2025-11-21,167
ca,2025-06-14,2025-11-26,167
ca,2025-06-14,2025-12-01,167
ca,2025-06-14,2025-12-03,167
ca,2025-06-14,2025-12-05,167
ca,2025-06-14,2025-12-10,167
ca,2025-06-14,2025-12-12,167
ca,2025-06-14,2025-12-17,167
ca,2025-06-14,2025-12-19,167
ca,2025-06-14,2025-12-24,167
ca,2025-06-14,2025-12-30,167
ca,2025-06-14,2025-12-31,167
ca,2025-06-21,2025-06-25,100
ca,2025-06-21,2025-06-27,98
ca,2025-06-21,2025-07-02,98
ca,2025-06-21,2025-07-07,101
ca,2025-06-21,2025-07-09,97
ca,2025-06-21,2025-07-11,96
ca,2025-06-21,2025-07-16,101
ca,2025-06-21,2025-07-18,101
ca,2025-06-21,2025-07-23,102
ca,2025-06-21,2025-07-25,103
ca,2025-06-21,2025-07-30,103
ca,2025-06-21,2025-08-01,103
ca,2025-06-21,2025-08-06,103
ca,2025-06-21,2025-08-08,103
ca,2025-06-21,2025-08-13,103
ca,2025-06-21,2025-08-15,103
ca,2025-06-21,2025-08-20,103
ca,2025-06-21,2025-08-22,103
ca,2025-06-21,2025-08-27,103
ca,2025-06-21,2025-08-29,103
ca,2025-06-21,2025-09-03,103
ca,2025-06-21,2025-09-05,103
ca,2025-06-21,2025-09-10,103
ca,2025-06-21,2025-09-12,103
ca,2025-06-21,2025-09-17,103
ca,2025-06-21,2025-09-19,103
ca,2025-06-21,2025-09-24,103
ca,2025-06-21,2025-09-26,103
ca,2025-06-21,2025-11-14,103
ca,2025-06-21,2025-11-19,103
ca,2025-06-21,2025-11-21,103
ca,2025-06-21,2025-11-26,103
ca,2025-06-21,2025-12-01,103
ca,2025-06-21,2025-12-03,103
ca,2025-06-21,2025-12-05,103
ca,2025-06-21,2025-12-10,103
ca,2025-06-21,2025-12-12,103
ca,2025-06-21,2025-12-17,103
ca,2025-06-21,2025-12-19,103
ca,2025-06-21,2025-12-24,103
ca,2025-06-21,2025-12-30,103
ca,2025-06-21,2025-12-31,103
ca,2025-06-28,2025-07-02,126
ca,2025-06-28,2025-07-07,127
ca,2025-06-28,2025-07-09,143
ca,2025-06-28,2025-07-11,137
ca,2025-06-28,2025-07-16,145
ca,2025-06-28,2025-07-18,153
ca,2025-06-28,2025-07-23,160
ca,2025-06-28,2025-07-25,159
ca,2025-06-28,2025-07-30,170
ca,2025-06-28,2025-08-01,172
ca,2025-06-28,2025-08-06,174
ca,2025-06-28,2025-08-08,174
ca,2025-06-28,2025-08-13,174
ca,2025-06-28,2025-08-15,174
ca,2025-06-28,2025-08-20,174
ca,2025-06-28,2025-08-22,174
ca,2025-06-28,2025-08-27,174
ca,2025-06-28,2025-08-29,174
ca,2025-06-28,2025-09-03,174
ca,2025-06-28,2025-09-05,174
ca,2025-06-28,2025-09-10,174
ca,2025-06-28,2025-09-12,174
ca,2025-06-28,2025-09-17,174
ca,2025-06-28,2025-09-19,174
ca,2025-06-28,2025-09-24,174
ca,2025-06-28,2025-09-26,174
ca,2025-06-28,2025-11-14,174
ca,2025-06-28,2025-11-19,174
ca,2025-06-28,2025-11-21,174
ca,2025-06-28,2025-11-26,174
ca,2025-06-28,2025-12-01,174
ca,2025-06-28,2025-12-03,174
ca,2025-06-28,2025-12-05,174
ca,2025-06-28,2025-12-10,174
ca,2025-06-28,2025-12-12,174
ca,2025-06-28,2025-12-17,174
ca,2025-06-28,2025-12-19,174
ca,2025-06-28,2025-12-24,174
ca,2025-06-28,2025-12-30,174
ca,2025-06-28,2025-12-31,174
ca,2025-07-05,2025-07-09,163
ca,2025-07-05,2025-07-11,177
ca,2025-07-05,2025-07-16,186
ca,2025-07-05,2025-07-18,200
ca,2025-07-05,2025-07-23,205
ca,2025-07-05,2025-07-25,210
ca,2025-07-05,2025-07-30,228
ca,2025-07-05,2025-08-01,231
ca,2025-07-05,2025-08-06,243
ca,2025-07-05,2025-08-08,248
ca,2025-07-05,2025-08-13,251
ca,2025-07-05,2025-08-15,251
ca,2025-07-05,2025-08-20,251
ca,2025-07-05,2025-08-22,251
ca,2025-07-05,2025-08-27,251
ca,2025-07-05,2025-08-29,251
ca,2025-07-05,2025-09-03,251
ca,2025-07-05,2025-09-05,251
ca,2025-07-05,2025-09-10,251
ca,2025-07-05,2025-09-12,251
ca,2025-07-05,2025-09-17,251
ca,2025-07-05,2025-09-19,251
ca,2025-07-05,2025-09-24,251
ca,2025-07-05,2025-09-26,251
ca,2025-07-05,2025-11-14,251
ca,2025-07-05,2025-11-19,251
ca,2025-07-05,2025-11-21,251
ca,2025-07-05,2025-11-26,251
ca,2025-07-05,2025-12-01,251
ca,2025-07-05,2025-12-03,251
ca,2025-07-05,2025-12-05,251
ca,2025-07-05,2025-12-10,251
ca,2025-07-05,2025-12-12,251
ca,2025-07-05,2025-12-17,251
ca,2025-07-05,2025-12-19,251
ca,2025-07-05,2025-12-24,251
ca,2025-07-05,2025-12-30,251
ca,2025-07-05,2025-12-31,251
ca,2025-07-12,2025-07-16,229
ca,2025-07-12,2025-07-18,236
ca,2025-07-12,2025-07-23,234
ca,2025-07-12,2025-07-25,230
ca,2025-07-12,2025-07-30,249
ca,2025-07-12,2025-08-01,242
ca,2025-07-12,2025-08-06,253
ca,2025-07-12,2025-08-08,255
ca,2025-07-12,2025-08-13,265
ca,2025-07-12,2025-08-15,266
ca,2025-07-12,2025-08-20,268
ca,2025-07-12,2025-08-22,268
ca,2025-07-12,2025-08-27,268
ca,2025-07-12,2025-08-29,268
ca,2025-07-12,2025-09-03,268
ca,2025-07-12,2025-09-05,268
ca,2025-07-12,2025-09-10,268
ca,2025-07-12,2025-09-12,268
ca,2025-07-12,2025-09-17,268
ca,2025-07-12,2025-09-19,268
ca,2025-07-12,2025-09-24,268
ca,2025-07-12,2025-09-26,268
ca,2025-07-12,2025-11-14,268
ca,2025-07-12,2025-11-19,268
ca,2025-07-12,2025-11-21,268
ca,2025-07-12,2025-11-26,268
ca,2025-07-12,2025-12-01,268
ca,2025-07-12,2025-12-03,268
ca,2025-07-12,2025-12-05,268
ca,2025-07-12,2025-12-10,268
ca,2025-07-12,2025-12-12,268
ca,2025-07-12,2025-12-17,268
ca,2025-07-12,2025-12-19,268
ca,2025-07-12,2025-12-24,268
ca,2025-07-12,2025-12-30,268
ca,2025-07-12,2025-12-31,268
ca,2025-07-19,2025-07-23,146
ca,2025-07-19,2025-07-25,149
ca,2025-07-19,2025-07-30,150
ca,2025-07-19,2025-08-01,156
ca,2025-07-19,2025-08-06,146
ca,2025-07-19,2025-08-08,147
ca,2025-07-19,2025-08-13,146
ca,2025-07-19,2025-08-15,146
ca,2025-07-19,2025-08-20,145
ca,2025-07-19,2025-08-22,143
ca,2025-07-19,2025-08-27,143
ca,2025-07-19,2025-08-29,143
ca,2025-07-19,2025-09-03,143
ca,2025-07-19,2025-09-05,143
ca,2025-07-19,2025-09-10,143
ca,2025-07-19,2025-09-12,143
ca,2025-07-19,2025-09-17,143
ca,2025-07-19,2025-09-19,143
ca,2025-07-19,2025-09-24,143
ca,2025-07-19,2025-09-26,143
ca,2025-07-19,2025-11-14,143
ca,2025-07-19,2025-11-19,143
ca,2025-07-19,2025-11-21,143
ca,2025-07-19,2025-11-26,143
ca,2025-07-19,2025-12-01,143
ca,2025-07-19,2025-12-03,143
ca,2025-07-19,2025-12-05,143
ca,2025-07-19,2025-12-10,143
ca,2025-07-19,2025-12-12,143
ca,2025-07-19,2025-12-17,143
ca,2025-07-19,2025-12-19,143
ca,2025-07-19,2025-12-24,143
ca,2025-07-19,2025-12-30,143
ca,2025-07-19,2025-12-31,143
ca,2025-07-26,2025-07-30,297
ca,2025-07-26,2025-08-01,300
ca,2025-07-26,2025-08-06,299
ca,2025-07-26,2025-08-08,314
ca,2025-07-26,2025-08-13,304
ca,2025-07-26,2025-08-15,316
ca,2025-07-26,2025-08-20,316
ca,2025-07-26,2025-08-22,317
ca,2025-07-26,2025-08-27,315
ca,2025-07-26,2025-08-29,317
ca,2025-07-26,2025-09-03,317
ca,2025-07-26,2025-09-05,317
ca,2025-07-26,2025-09-10,317
ca,2025-07-26,2025-09-12,317
ca,2025-07-26,2025-09-17,317
ca,2025-07-26,2025-09-19,317
ca,2025-07-26,2025-09-24,317
ca,2025-07-26,2025-09-26,317
ca,2025-07-26,2025-11-14,317
ca,2025-07-26,2025-11-19,317
ca,2025-07-26,2025-11-21,317
ca,2025-07-26,2025-11-26,317
ca,2025-07-26,2025-12-01,317
ca,2025-07-26,2025-12-03,317
ca,2025-07-26,2025-12-05,317
ca,2025-07-26,2025-12-10,317
ca,2025-07-26,2025-12-12,317
ca,2025-07-26,2025-12-17,317
ca,2025-07-26,2025-12-19,317
ca,2025-07-26,2025-12-24,317
ca,2025-07-26,2025-12-30,317
ca,2025-07-26,2025-12-31,317
ca,2025-08-02,2025-08-06,153
ca,2025-08-02,2025-08-08,154
ca,2025-08-02,2025-08-13,159
ca,2025-08-02,2025-08-15,167
ca,2025-08-02,2025-08-20,167
ca,2025-08-02,2025-08-22,171
ca,2025-08-02,2025-08-27,181
ca,2025-08-02,2025-08-29,182
ca,2025-08-02,2025-09-03,189
ca,2025-08-02,2025-09-05,191
ca,2025-08-02,2025-09-10,193
ca,2025-08-02,2025-09-12,193
ca,2025-08-02,2025-09-17,193
ca,2025-08-02,2025-09-19,193
ca,2025-08-02,2025-09-24,193
ca,2025-08-02,2025-09-26,193
ca,2025-08-02,2025-11-14,193
ca,2025-08-02,2025-11-19,193
ca,2025-08-02,2025-11-21,193
ca,2025-08-02,2025-11-26,193
ca,2025-08-02,2025-12-01,193
ca,2025-08-02,2025-12-03,193
ca,2025-08-02,2025-12-05,193
ca,2025-08-02,2025-12-10,193
ca,2025-08-02,2025-12-12,193
ca,2025-08-02,2025-12-17,193
ca,2025-08-02,2025-12-19,193
ca,2025-08-02,2025-12-24,193
ca,2025-08-02,2025-12-30,193
ca,2025-08-02,2025-12-31,193
ca,2025-08-09,2025-08-13,321
ca,2025-08-09,2025-08-15,333
ca,2025-08-09,2025-08-20,355
ca,2025-08-09,2025-08-22,342
ca,2025-08-09,2025-08-27,352
ca,2025-08-09,2025-08-29,351
ca,2025-08-09,2025-09-03,362
ca,2025-08-09,2025-09-05,362
ca,2025-08-09,2025-09-10,371
ca,2025-08-09,2025-09-12,372
ca,2025-08-09,2025-09-17,373
ca,2025-08-09,2025-09-19,373
ca,2025-08-09,2025-09-24,373
ca,2025-08-09,2025-09-26,373
ca,2025-08-09,2025-11-14,373
ca,2025-08-09,2025-11-19,373
ca,2025-08-09,2025-11-21,373
ca,2025-08-09,2025-11-26,373
ca,2025-08-09,2025-12-01,373
ca,2025-08-09,2025-12-03,373
ca,2025-08-09,2025-12-05,373
ca,2025-08-09,2025-12-10,373
ca,2025-08-09,2025-12-12,373
ca,2025-08-09,2025-12-17,373
ca,2025-08-09,2025-12-19,373
ca,2025-08-09,2025-12-24,373
ca,2025-08-09,2025-12-30,373
ca,2025-08-09,2025-12-31,373
ca,2025-08-16,2025-08-20,299
ca,2025-08-16,2025-08-22,311
ca,2025-08-16,2025-08-27,310
ca,2025-08-16,2025-08-29,318
ca,2025-08-16,2025-09-03,331
ca,2025-08-16,2025-09-05,325
ca,2025-08-16,2025-09-10,329
ca,2025-08-16,2025-09-12,336
ca,2025-08-16,2025-09-17,340
ca,2025-08-16,2025-09-19,341
ca,2025-08-16,2025-09-24,343
ca,2025-08-16,2025-09-26,343
ca,2025-08-16,2025-11-14,343
ca,2025-08-16,2025-11-19,343
ca,2025-08-16,2025-11-21,343
ca,2025-08-16,2025-11-26,343
ca,2025-08-16,2025-12-01,343
ca,2025-08-16,2025-12-03,343
ca,2025-08-16,2025-12-05,343
ca,2025-08-16,2025-12-10,343
ca,2025-08-16,2025-12-12,343
ca,2025-08-16,2025-12-17,343
ca,2025-08-16,2025-12-19,343
ca,2025-08-16,2025-12-24,343
ca,2025-08-16,2025-12-30,343
ca,2025-08-16,2025-12-31,343
ca,2025-08-23,2025-08-27,272
ca,2025-08-23,2025-08-29,285
ca,2025-08-23,2025-09-03,267
ca,2025-08-23,2025-09-05,273
ca,2025-08-23,2025-09-10,279
ca,2025-08-23,2025-09-12,275
ca,2025-08-23,2025-09-17,272
ca,2025-08-23,2025-09-19,269
ca,2025-08-23,2025-09-24,265
ca,2025-08-23,2025-09-26,263
ca,2025-08-23,2025-11-14,262
ca,2025-08-23,2025-11-19,262
ca,2025-08-23,2025-11-21,262
ca,2025-08-23,2025-11-26,262
ca,2025-08-23,2025-12-01,262
ca,2025-08-23,2025-12-03,262
ca,2025-08-23,2025-12-05,262
ca,2025-08-23,2025-12-10,262
ca,2025-08-23,2025-12-12,262
ca,2025-08-23,2025-12-17,262
ca,2025-08-23,2025-12-19,262
ca,2025-08-23,2025-12-24,262
ca,2025-08-23,2025-12-30,262
ca,2025-08-23,2025-12-31,262
ca,2025-08-30,2025-09-03,344
ca,2025-08-30,2025-09-05,353
ca,2025-08-30,2025-09-10,337
ca,2025-08-30,2025-09-12,345
ca,2025-08-30,2025-09-17,337
ca,2025-08-30,2025-09-19,346
ca,2025-08-30,2025-09-24,344
ca,2025-08-30,2025-09-26,347
ca,2025-08-30,2025-11-14,354
ca,2025-08-30,2025-11-19,354
ca,2025-08-30,2025-11-21,354
ca,2025-08-30,2025-11-26,354
ca,2025-08-30,2025-12-01,354
ca,2025-08-30,2025-12-03,354
ca,2025-08-30,2025-12-05,354
ca,2025-08-30,2025-12-10,354
ca,2025-08-30,2025-12-12,354
ca,2025-08-30,2025-12-17,354
ca,2025-08-30,2025-12-19,354
ca,2025-08-30,2025-12-24,354
ca,2025-08-30,2025-12-30,354
ca,2025-08-30,2025-12-31,354
ca,2025-09-06,2025-09-10,348
ca,2025-09-06,2025-09-12,347
ca,2025-09-06,2025-09-17,354
ca,2025-09-06,2025-09-19,340
ca,2025-09-06,2025-09-24,340
ca,2025-09-06,2025-09-26,341
ca,2025-09-06,2025-11-14,339
ca,2025-09-06,2025-11-19,339
ca,2025-09-06,2025-11-21,339
ca,2025-09-06,2025-11-26,339
ca,2025-09-06,2025-12-01,339
ca,2025-09-06,2025-12-03,339
ca,2025-09-06,2025-12-05,339
ca,2025-09-06,2025-12-10,339
ca,2025-09-06,2025-12-12,339
ca,2025-09-06,2025-12-17,339
ca,2025-09-06,2025-12-19,339
ca,2025-09-06,2025-12-24,339
ca,2025-09-06,2025-12-30,339
ca,2025-09-06,2025-12-31,339
ca,2025-09-13,2025-09-17,273
ca,2025-09-13,2025-09-19,270
ca,2025-09-13,2025-09-24,265
ca,2025-09-13,2025-09-26,260
ca,2025-09-13,2025-11-14,252
ca,2025-09-13,2025-11-19,252
ca,2025-09-13,2025-11-21,252
ca,2025-09-13,2025-11-26,252
ca,2025-09-13,2025-12-01,252
ca,2025-09-13,2025-12-03,252
ca,2025-09-13,2025-12-05,252
ca,2025-09-13,2025-12-10,252
ca,2025-09-13,2025-12-12,252
ca,2025-09-13,2025-12-17,252
ca,2025-09-13,2025-12-19,252
ca,2025-09-13,2025-12-24,252
ca,2025-09-13,2025-12-30,252
ca,2025-09-13,2025-12-31,252
ca,2025-09-20,2025-09-24,297
ca,2025-09-20,2025-09-26,317
ca,2025-09-20,2025-11-14,448
ca,2025-09-20,2025-11-19,448
ca,2025-09-20,2025-11-21,448
ca,2025-09-20,2025-11-26,448
ca,2025-09-20,2025-12-01,448
ca,2025-09-20,2025-12-03,448
ca,2025-09-20,2025-12-05,448
ca,2025-09-20,2025-12-10,448
ca,2025-09-20,2025-12-12,448
ca,2025-09-20,2025-12-17,448
ca,2025-09-20,2025-12-19,448
ca,2025-09-20,2025-12-24,448
ca,2025-09-20,2025-12-30,448
ca,2025-09-20,2025-12-31,448
ca,2025-09-27,2025-11-14,271
ca,2025-09-27,2025-11-19,271
ca,2025-09-27,2025-11-21,271
ca,2025-09-27,2025-11-26,271
ca,2025-09-27,2025-12-01,271
ca,2025-09-27,2025-12-03,271
ca,2025-09-27,2025-12-05,271
ca,2025-09-27,2025-12-10,271
ca,2025-09-27,2025-12-12,271
ca,2025-09-27,2025-12-17,271
ca,2025-09-27,2025-12-19,271
ca,2025-09-27,2025-12-24,271
ca,2025-09-27,2025-12-30,271
ca,2025-09-27,2025-12-31,271
ca,2025-10-04,2025-11-14,419
ca,2025-10-04,2025-11-19,419
ca,2025-10-04,2025-11-21,419
ca,2025-10-04,2025-11-26,419
ca,2025-10-04,2025-12-01,419
ca,2025-10-04,2025-12-03,419
ca,2025-10-04,2025-12-05,419
ca,2025-10-04,2025-12-10,419
ca,2025-10-04,2025-12-12,419
ca,2025-10-04,2025-12-17,419
ca,2025-10-04,2025-12-19,419
ca,2025-10-04,2025-12-24,419
ca,2025-10-04,2025-12-30,419
ca,2025-10-04,2025-12-31,419
ca,2025-10-11,2025-11-14,216
ca,2025-10-11,2025-11-19,216
ca,2025-10-11,2025-11-21,216
ca,2025-10-11,2025-11-26,216
ca,2025-10-11,2025-12-01,216
ca,2025-10-11,2025-12-03,216
ca,2025-10-11,2025-12-05,216
ca,2025-10-11,2025-12-10,216
ca,2025-10-11,2025-12-12,216
ca,2025-10-11,2025-12-17,216
ca,2025-10-11,2025-12-19,216
ca,2025-10-11,2025-12-24,216
ca,2025-10-11,2025-12-30,216
ca,2025-10-11,2025-12-31,216
ca,2025-10-18,2025-11-14,203
ca,2025-10-18,2025-11-19,213
ca,2025-10-18,2025-11-21,215
ca,2025-10-18,2025-11-26,217
ca,2025-10-18,2025-12-01,217
ca,2025-10-18,2025-12-03,217
ca,2025-10-18,2025-12-05,217
ca,2025-10-18,2025-12-10,217
ca,2025-10-18,2025-12-12,217
ca,2025-10-18,2025-12-17,217
ca,2025-10-18,2025-12-19,217
ca,2025-10-18,2025-12-24,217
ca,2025-10-18,2025-12-30,217
ca,2025-10-18,2025-12-31,217
ca,2025-10-25,2025-11-14,449
ca,2025-10-25,2025-11-19,444
ca,2025-10-25,2025-11-21,438
ca,2025-10-25,2025-11-26,441
ca,2025-10-25,2025-12-01,438
ca,2025-10-25,2025-12-03,438
ca,2025-10-25,2025-12-05,438
ca,2025-10-25,2025-12-10,438
ca,2025-10-25,2025-12-12,438
ca,2025-10-25,2025-12-17,438
ca,2025-10-25,2025-12-19,438
ca,2025-10-25,2025-12-24,438
ca,2025-10-25,2025-12-30,438
ca,2025-10-25,2025-12-31,438
ca,2025-11-01,2025-11-14,470
ca,2025-11-01,2025-11-19,490
ca,2025-11-01,2025-11-21,488
ca,2025-11-01,2025-11-26,487
ca,2025-11-01,2025-12-01,495
ca,2025-11-01,2025-12-03,493
ca,2025-11-01,2025-12-05,494
ca,2025-11-01,2025-12-10,494
ca,2025-11-01,2025-12-12,494
ca,2025-11-01,2025-12-17,494
ca,2025-11-01,2025-12-19,494
ca,2025-11-01,2025-12-24,494
ca,2025-11-01,2025-12-30,494
ca,2025-11-01,2025-12-31,494
ca,2025-11-08,2025-11-14,122
ca,2025-11-08,2025-11-19,122
ca,2025-11-08,2025-11-21,127
ca,2025-11-08,2025-11-26,130
ca,2025-11-08,2025-12-01,134
ca,2025-11-08,2025-12-03,131
ca,2025-11-08,2025-12-05,134
ca,2025-11-08,2025-12-10,140
ca,2025-11-08,2025-12-12,141
ca,2025-11-08,2025-12-17,142
ca,2025-11-08,2025-12-19,142
ca,2025-11-08,2025-12-24,142
ca,2025-11-08,2025-12-30,142
ca,2025-11-08,2025-12-31,142
ca,2025-11-15,2025-11-19,203
ca,2025-11-15,2025-11-21,205
ca,2025-11-15,2025-11-26,216
ca,2025-11-15,2025-12-01,228
ca,2025-11-15,2025-12-03,234
ca,2025-11-15,2025-12-05,233
ca,2025-11-15,2025-12-10,241
ca,2025-11-15,2025-12-12,245
ca,2025-11-15,2025-12-17,255
ca,2025-11-15,2025-12-19,260
ca,2025-11-15,2025-12-24,262
ca,2025-11-15,2025-12-30,262
ca,2025-11-15,2025-12-31,262
ca,2025-11-22,2025-11-26,333
ca,2025-11-22,2025-12-01,346
ca,2025-11-22,2025-12-03,336
ca,2025-11-22,2025-12-05,332
ca,2025-11-22,2025-12-10,333
ca,2025-11-22,2025-12-12,342
ca,2025-11-22,2025-12-17,337
ca,2025-11-22,2025-12-19,337
ca,2025-11-22,2025-12-24,335
ca,2025-11-22,2025-12-30,334
ca,2025-11-22,2025-12-31,334
ca,2025-11-29,2025-12-03,263
ca,2025-11-29,2025-12-05,272
ca,2025-11-29,2025-12-10,299
ca,2025-11-29,2025-12-12,298
ca,2025-11-29,2025-12-17,314
ca,2025-11-29,2025-12-19,328
ca,2025-11-29,2025-12-24,335
ca,2025-11-29,2025-12-30,357
ca,2025-11-29,2025-12-31,362
ca,2025-12-06,2025-12-10,317
ca,2025-12-06,2025-12-12,302
ca,2025-12-06,2025-12-17,311
ca,2025-12-06,2025-12-19,331
ca,2025-12-06,2025-12-24,331
ca,2025-12-06,2025-12-30,342
ca,2025-12-06,2025-12-31,349
ca,2025-12-13,2025-12-17,177
ca,2025-12-13,2025-12-19,176
ca,2025-12-13,2025-12-24,189
ca,2025-12-13,2025-12-30,197
ca,2025-12-13,2025-12-31,195
ca,2025-12-20,2025-12-24,242
ca,2025-12-20,2025-12-30,279
ca,2025-12-20,2025-12-31,279
ca,2025-12-27,2025-12-31,355
pa,2025-01-04,2025-01-08,302
pa,2025-01-04,2025-01-10,336
pa,2025-01-04,2025-01-15,354
pa,2025-01-04,2025-01-17,344
pa,2025-01-04,2025-01-24,370
pa,2025-01-04,2025-01-29,386
pa,2025-01-04,2025-01-31,402
pa,2025-01-04,2025-02-05,417
pa,2025-01-04,2025-02-07,425
pa,2025-01-04,2025-02-12,429
pa,2025-01-04,2025-02-15,429
pa,2025-01-04,2025-02-19,429
pa,2025-01-04,2025-02-20,429
pa,2025-01-04,2025-02-22,429
pa,2025-01-04,2025-02-26,429
pa,2025-01-04,2025-02-28,429
pa,2025-01-04,2025-03-05,429
pa,2025-01-04,2025-03-07,429
pa,2025-01-04,2025-03-12,429
pa,2025-01-04,2025-03-14,429
pa,2025-01-04,2025-03-19,429
pa,2025-01-04,2025-03-21,429
pa,2025-01-04,2025-03-26,429
pa,2025-01-04,2025-03-28,429
pa,2025-01-04,2025-04-02,429
pa,2025-01-04,2025-04-04,429
pa,2025-01-04,2025-04-09,429
pa,2025-01-04,2025-04-11,429
pa,2025-01-04,2025-04-16,429
pa,2025-01-04,2025-04-18,429
pa,2025-01-04,2025-04-23,429
pa,2025-01-04,2025-04-25,429
pa,2025-01-04,2025-04-30,429
pa,2025-01-04,2025-05-02,429
pa,2025-01-04,2025-05-07,429
pa,2025-01-04,2025-05-09,429
pa,2025-01-04,2025-05-14,429
pa,2025-01-04,2025-05-16,429
pa,2025-01-04,2025-05-21,429
pa,2025-01-04,2025-05-23,429
pa,2025-01-04,2025-05-28,429
pa,2025-01-04,2025-05-30,429
pa,2025-01-04,2025-06-04,429
pa,2025-01-04,2025-06-06,429
pa,2025-01-04,2025-06-11,429
pa,2025-01-04,2025-06-13,429
pa,2025-01-04,2025-06-18,429
pa,2025-01-04,2025-06-20,429
pa,2025-01-04,2025-06-25,429
pa,2025-01-04,2025-06-27,429
pa,2025-01-04,2025-07-02,429
pa,2025-01-04,2025-07-07,429
pa,2025-01-04,2025-07-09,429
pa,2025-01-04,2025-07-11,429
pa,2025-01-04,2025-07-16,429
pa,2025-01-04,2025-07-18,429
pa,2025-01-04,2025-07-23,429
pa,2025-01-04,2025-07-25,429
pa,2025-01-04,2025-07-30,429
pa,2025-01-04,2025-08-01,429
pa,2025-01-04,2025-08-06,429
pa,2025-01-04,2025-08-08,429
pa,2025-01-04,2025-08-13,429
pa,2025-01-04,2025-08-15,429
pa,2025-01-04,2025-08-20,429
pa,2025-01-04,2025-08-22,429
pa,2025-01-04,2025-08-27,429
pa,2025-01-04,2025-08-29,429
pa,2025-01-04,2025-09-03,429
pa,2025-01-04,2025-09-05,429
pa,2025-01-04,2025-09-10,429
pa,2025-01-04,2025-09-12,429
pa,2025-01-04,2025-09-17,429
pa,2025-01-04,2025-09-19,429
pa,2025-01-04,2025-09-24,429
pa,2025-01-04,2025-09-26,429
pa,2025-01-04,2025-11-14,429
pa,2025-01-04,2025-11-19,429
pa,2025-01-04,2025-11-21,429
pa,2025-01-04,2025-11-26,429
pa,2025-01-04,2025-12-01,429
pa,2025-01-04,2025-12-03,429
pa,2025-01-04,2025-12-05,429
pa,2025-01-04,2025-12-10,429
pa,2025-01-04,2025-12-12,429
pa,2025-01-04,2025-12-17,429
pa,2025-01-04,2025-12-19,429
pa,2025-01-04,2025-12-24,429
pa,2025-01-04,2025-12-30,429
pa,2025-01-04,2025-12-31,429
pa,2025-01-11,2025-01-15,339
pa,2025-01-11,2025-01-17,334
pa,2025-01-11,2025-01-24,347
pa,2025-01-11,2025-01-29,336
pa,2025-01-11,2025-01-31,333
pa,2025-01-11,2025-02-05,326
pa,2025-01-11,2025-02-07,326
pa,2025-01-11,2025-02-12,321
pa,2025-01-11,2025-02-15,319
pa,2025-01-11,2025-02-19,319
pa,2025-01-11,2025-02-20,319
pa,2025-01-11,2025-02-22,319
pa,2025-01-11,2025-02-26,319
pa,2025-01-11,2025-02-28,319
pa,2025-01-11,2025-03-05,319
pa,2025-01-11,2025-03-07,319
pa,2025-01-11,2025-03-12,319
pa,2025-01-11,2025-03-14,319
pa,2025-01-11,2025-03-19,319
pa,2025-01-11,2025-03-21,319
pa,2025-01-11,2025-03-26,319
pa,2025-01-11,2025-03-28,319
pa,2025-01-11,2025-04-02,319
pa,2025-01-11,2025-04-04,319
pa,2025-01-11,2025-04-09,319
pa,2025-01-11,2025-04-11,319
pa,2025-01-11,2025-04-16,319
pa,2025-01-11,2025-04-18,319
pa,2025-01-11,2025-04-23,319
pa,2025-01-11,2025-04-25,319
pa,2025-01-11,2025-04-30,319
pa,2025-01-11,2025-05-02,319
pa,2025-01-11,2025-05-07,319
pa,2025-01-11,2025-05-09,319
pa,2025-01-11,2025-05-14,319
pa,2025-01-11,2025-05-16,319
pa,2025-01-11,2025-05-21,319
pa,2025-01-11,2025-05-23,319
pa,2025-01-11,2025-05-28,319
pa,2025-01-11,2025-05-30,319
pa,2025-01-11,2025-06-04,319
pa,2025-01-11,2025-06-06,319
pa,2025-01-11,2025-06-11,319
pa,2025-01-11,2025-06-13,319
pa,2025-01-11,2025-06-18,319
pa,2025-01-11,2025-06-20,319
pa,2025-01-11,2025-06-25,319
pa,2025-01-11,2025-06-27,319
pa,2025-01-11,2025-07-02,319
pa,2025-01-11,2025-07-07,319
pa,2025-01-11,2025-07-09,319
pa,2025-01-11,2025-07-11,319
pa,2025-01-11,2025-07-16,319
pa,2025-01-11,2025-07-18,319
pa,2025-01-11,2025-07-23,319
pa,2025-01-11,2025-07-25,319
pa,2025-01-11,2025-07-30,319
pa,2025-01-11,2025-08-01,319
pa,2025-01-11,2025-08-06,319
pa,2025-01-11,2025-08-08,319
pa,2025-01-11,2025-08-13,319
pa,2025-01-11,2025-08-15,319
pa,2025-01-11,2025-08-20,319
pa,2025-01-11,2025-08-22,319
pa,2025-01-11,2025-08-27,319
pa,2025-01-11,2025-08-29,319
pa,2025-01-11,2025-09-03,319
pa,2025-01-11,2025-09-05,319
pa,2025-01-11,2025-09-10,319
pa,2025-01-11,2025-09-12,319
pa,2025-01-11,2025-09-17,319
pa,2025-01-11,2025-09-19,319
pa,2025-01-11,2025-09-24,319
pa,2025-01-11,2025-09-26,319
pa,2025-01-11,2025-11-14,319
pa,2025-01-11,2025-11-19,319
pa,2025-01-11,2025-11-21,319
pa,2025-01-11,2025-11-26,319
pa,2025-01-11,2025-12-01,319
pa,2025-01-11,2025-12-03,319
pa,2025-01-11,2025-12-05,319
pa,2025-01-11,2025-12-10,319
pa,2025-01-11,2025-12-12,319
pa,2025-01-11,2025-12-17,319
pa,2025-01-11,2025-12-19,319
pa,2025-01-11,2025-12-24,319
pa,2025-01-11,2025-12-30,319
pa,2025-01-11,2025-12-31,319
pa,2025-01-18,2025-01-24,146
pa,2025-01-18,2025-01-29,145
pa,2025-01-18,2025-01-31,151
pa,2025-01-18,2025-02-05,169
pa,2025-01-18,2025-02-07,168
pa,2025-01-18,2025-02-12,179
pa,2025-01-18,2025-02-15,188
pa,2025-01-18,2025-02-19,197
pa,2025-01-18,2025-02-20,200
pa,2025-01-18,2025-02-22,204
pa,2025-01-18,2025-02-26,204
pa,2025-01-18,2025-02-28,204
pa,2025-01-18,2025-03-05,204
pa,2025-01-18,2025-03-07,204
pa,2025-01-18,2025-03-12,204
pa,2025-01-18,2025-03-14,204
pa,2025-01-18,2025-03-19,204
pa,2025-01-18,2025-03-21,204
pa,2025-01-18,2025-03-26,204
pa,2025-01-18,2025-03-28,204
pa,2025-01-18,2025-04-02,204
pa,2025-01-18,2025-04-04,204
pa,2025-01-18,2025-04-09,204
pa,2025-01-18,2025-04-11,204
pa,2025-01-18,2025-04-16,204
pa,2025-01-18,2025-04-18,204
pa,2025-01-18,2025-04-23,204
pa,2025-01-18,2025-04-25,204
pa,2025-01-18,2025-04-30,204
pa,2025-01-18,2025-05-02,204
pa,2025-01-18,2025-05-07,204
pa,2025-01-18,2025-05-09,204
pa,2025-01-18,2025-05-14,204
pa,2025-01-18,2025-05-16,204
pa,2025-01-18,2025-05-21,204
pa,2025-01-18,2025-05-23,204
pa,2025-01-18,2025-05-28,204
pa,2025-01-18,2025-05-30,204
pa,2025-01-18,2025-06-04,204
pa,2025-01-18,2025-06-06,204
pa,2025-01-18,2025-06-11,204
pa,2025-01-18,2025-06-13,204
pa,2025-01-18,2025-06-18,204
pa,2025-01-18,2025-06-20,204
pa,2025-01-18,2025-06-25,204
pa,2025-01-18,2025-06-27,204
pa,2025-01-18,2025-07-02,204
pa,2025-01-18,2025-07-07,204
pa,2025-01-18,2025-07-09,204
pa,2025-01-18,2025-07-11,204
pa,2025-01-18,2025-07-16,204
pa,2025-01-18,2025-07-18,204
pa,2025-01-18,2025-07-23,204
pa,2025-01-18,2025-07-25,204
pa,2025-01-18,2025-07-30,204
pa,2025-01-18,2025-08-01,204
pa,2025-01-18,2025-08-06,204
pa,2025-01-18,2025-08-08,204
pa,2025-01-18,2025-08-13,204
pa,2025-01-18,2025-08-15,204
pa,2025-01-18,2025-08-20,204
pa,2025-01-18,2025-08-22,204
pa,2025-01-18,2025-08-27,204
pa,2025-01-18,2025-08-29,204
pa,2025-01-18,2025-09-03,204
pa,2025-01-18,2025-09-05,204
pa,2025-01-18,2025-09-10,204
pa,2025-01-18,2025-09-12,204
pa,2025-01-18,2025-09-17,204
pa,2025-01-18,2025-09-19,204
pa,2025-01-18,2025-09-24,204
pa,2025-01-18,2025-09-26,204
pa,2025-01-18,2025-11-14,204
pa,2025-01-18,2025-11-19,204
pa,2025-01-18,2025-11-21,204
pa,2025-01-18,2025-11-26,204
pa,2025-01-18,2025-12-01,204
pa,2025-01-18,2025-12-03,204
pa,2025-01-18,2025-12-05,204
pa,2025-01-18,2025-12-10,204
pa,2025-01-18,2025-12-12,204
pa,2025-01-18,2025-12-17,204
pa,2025-01-18,2025-12-19,204
pa,2025-01-18,2025-12-24,204
pa,2025-01-18,2025-12-30,204
pa,2025-01-18,2025-12-31,204
pa,2025-01-25,2025-01-29,248
pa,2025-01-25,2025-01-31,273
pa,2025-01-25,2025-02-05,275
pa,2025-01-25,2025-02-07,286
pa,2025-01-25,2025-02-12,309
pa,2025-01-25,2025-02-15,311
pa,2025-01-25,2025-02-19,321
pa,2025-01-25,2025-02-20,319
pa,2025-01-25,2025-02-22,332
pa,2025-01-25,2025-02-26,342
pa,2025-01-25,2025-02-28,346
pa,2025-01-25,2025-03-05,349
pa,2025-01-25,2025-03-07,349
pa,2025-01-25,2025-03-12,349
pa,2025-01-25,2025-03-14,349
pa,2025-01-25,2025-03-19,349
pa,2025-01-25,2025-03-21,349
pa,2025-01-25,2025-03-26,349
pa,2025-01-25,2025-03-28,349
pa,2025-01-25,2025-04-02,349
pa,2025-01-25,2025-04-04,349
pa,2025-01-25,2025-04-09,349
pa,2025-01-25,2025-04-11,349
pa,2025-01-25,2025-04-16,349
pa,2025-01-25,2025-04-18,349
pa,2025-01-25,2025-04-23,349
pa,2025-01-25,2025-04-25,349
pa,2025-01-25,2025-04-30,349
pa,2025-01-25,2025-05-02,349
pa,2025-01-25,2025-05-07,349
pa,2025-01-25,2025-05-09,349
pa,2025-01-25,2025-05-14,349
pa,2025-01-25,2025-05-16,349
pa,2025-01-25,2025-05-21,349
pa,2025-01-25,2025-05-23,349
pa,2025-01-25,2025-05-28,349
pa,2025-01-25,2025-05-30,349
pa,2025-01-25,2025-06-04,349
pa,2025-01-25,2025-06-06,349
pa,2025-01-25,2025-06-11,349
pa,2025-01-25,2025-06-13,349
pa,2025-01-25,2025-06-18,349
pa,2025-01-25,2025-06-20,349
pa,2025-01-25,2025-06-25,349
pa,2025-01-25,2025-06-27,349
pa,2025-01-25,2025-07-02,349
pa,2025-01-25,2025-07-07,349
pa,2025-01-25,2025-07-09,349
pa,2025-01-25,2025-07-11,349
pa,2025-01-25,2025-07-16,349
pa,2025-01-25,2025-07-18,349
pa,2025-01-25,2025-07-23,349
pa,2025-01-25,2025-07-25,349
pa,2025-01-25,2025-07-30,349
pa,2025-01-25,2025-08-01,349
pa,2025-01-25,2025-08-06,349
pa,2025-01-25,2025-08-08,349
pa,2025-01-25,2025-08-13,349
pa,2025-01-25,2025-08-15,349
pa,2025-01-25,2025-08-20,349
pa,2025-01-25,2025-08-22,349
pa,2025-01-25,2025-08-27,349
pa,2025-01-25,2025-08-29,349
pa,2025-01-25,2025-09-03,349
pa,2025-01-25,2025-09-05,349
pa,2025-01-25,2025-09-10,349
pa,2025-01-25,2025-09-12,349
pa,2025-01-25,2025-09-17,349
pa,2025-01-25,2025-09-19,349
pa,2025-01-25,2025-09-24,349
pa,2025-01-25,2025-09-26,349
pa,2025-01-25,2025-11-14,349
pa,2025-01-25,2025-11-19,349
pa,2025-01-25,2025-11-21,349
pa,2025-01-25,2025-11-26,349
pa,2025-01-25,2025-12-01,349
pa,2025-01-25,2025-12-03,349
pa,2025-01-25,2025-12-05,349
pa,2025-01-25,2025-12-10,349
pa,2025-01-25,2025-12-12,349
pa,2025-01-25,2025-12-17,349
pa,2025-01-25,2025-12-19,349
pa,2025-01-25,2025-12-24,349
pa,2025-01-25,2025-12-30,349
pa,2025-01-25,2025-12-31,349
pa,2025-02-01,2025-02-05,272
pa,2025-02-01,2025-02-07,262
pa,2025-02-01,2025-02-12,258
pa,2025-02-01,2025-02-15,264
pa,2025-02-01,2025-02-19,264
pa,2025-02-01,2025-02-20,263
pa,2025-02-01,2025-02-22,269
pa,2025-02-01,2025-02-26,272
pa,2025-02-01,2025-02-28,270
pa,2025-02-01,2025-03-05,275
pa,2025-02-01,2025-03-07,274
pa,2025-02-01,2025-03-12,275
pa,2025-02-01,2025-03-14,275
pa,2025-02-01,2025-03-19,275
pa,2025-02-01,2025-03-21,275
pa,2025-02-01,2025-03-26,275
pa,2025-02-01,2025-03-28,275
pa,2025-02-01,2025-04-02,275
pa,2025-02-01,2025-04-04,275
pa,2025-02-01,2025-04-09,275
pa,2025-02-01,2025-04-11,275
pa,2025-02-01,2025-04-16,275
pa,2025-02-01,2025-04-18,275
pa,2025-02-01,2025-04-23,275
pa,2025-02-01,2025-04-25,275
pa,2025-02-01,2025-04-30,275
pa,2025-02-01,2025-05-02,275
pa,2025-02-01,2025-05-07,275
pa,2025-02-01,2025-05-09,275
pa,2025-02-01,2025-05-14,275
pa,2025-02-01,2025-05-16,275
pa,2025-02-01,2025-05-21,275
pa,2025-02-01,2025-05-23,275
pa,2025-02-01,2025-05-28,275
pa,2025-02-01,2025-05-30,275
pa,2025-02-01,2025-06-04,275
pa,2025-02-01,2025-06-06,275
pa,2025-02-01,2025-06-11,275
pa,2025-02-01,2025-06-13,275
pa,2025-02-01,2025-06-18,275
pa,2025-02-01,2025-06-20,275
pa,2025-02-01,2025-06-25,275
pa,2025-02-01,2025-06-27,275
pa,2025-02-01,2025-07-02,275
pa,2025-02-01,2025-07-07,275
pa,2025-02-01,2025-07-09,275
pa,2025-02-01,2025-07-11,275
pa,2025-02-01,2025-07-16,275
pa,2025-02-01,2025-07-18,275
pa,2025-02-01,2025-07-23,275
pa,2025-02-01,2025-07-25,275
pa,2025-02-01,2025-07-30,275
pa,2025-02-01,2025-08-01,275
pa,2025-02-01,2025-08-06,275
pa,2025-02-01,2025-08-08,275
pa,2025-02-01,2025-08-13,275
pa,2025-02-01,2025-08-15,275
pa,2025-02-01,2025-08-20,275
pa,2025-02-01,2025-08-22,275
pa,2025-02-01,2025-08-27,275
pa,2025-02-01,2025-08-29,275
pa,2025-02-01,2025-09-03,275
pa,2025-02-01,2025-09-05,275
pa,2025-02-01,2025-09-10,275
pa,2025-02-01,2025-09-12,275
pa,2025-02-01,2025-09-17,275
pa,2025-02-01,2025-09-19,275
pa,2025-02-01,2025-09-24,275
pa,2025-02-01,2025-09-26,275
pa,2025-02-01,2025-11-14,275
pa,2025-02-01,2025-11-19,275
pa,2025-02-01,2025-11-21,275
pa,2025-02-01,2025-11-26,275
pa,2025-02-01,2025-12-01,275
pa,2025-02-01,2025-12-03,275
pa,2025-02-01,2025-12-05,275
pa,2025-02-01,2025-12-10,275
pa,2025-02-01,2025-12-12,275
pa,2025-02-01,2025-12-17,275
pa,2025-02-01,2025-12-19,275
pa,2025-02-01,2025-12-24,275
pa,2025-02-01,2025-12-30,275
pa,2025-02-01,2025-12-31,275
pa,2025-02-08,2025-02-12,320
pa,2025-02-08,2025-02-15,329
pa,2025-02-08,2025-02-19,320
pa,2025-02-08,2025-02-20,318
pa,2025-02-08,2025-02-22,309
pa,2025-02-08,2025-02-26,321
pa,2025-02-08,2025-02-28,318
pa,2025-02-08,2025-03-05,313
pa,2025-02-08,2025-03-07,310
pa,2025-02-08,2025-03-12,313
pa,2025-02-08,2025-03-14,313
pa,2025-02-08,2025-03-19,312
pa,2025-02-08,2025-03-21,312
pa,2025-02-08,2025-03-26,312
pa,2025-02-08,2025-03-28,312
pa,2025-02-08,2025-04-02,312
pa,2025-02-08,2025-04-04,312
pa,2025-02-08,2025-04-09,312
pa,2025-02-08,2025-04-11,312
pa,2025-02-08,2025-04-16,312
pa,2025-02-08,2025-04-18,312
pa,2025-02-08,2025-04-23,312
pa,2025-02-08,2025-04-25,312
pa,2025-02-08,2025-04-30,312
pa,2025-02-08,2025-05-02,312
pa,2025-02-08,2025-05-07,312
pa,2025-02-08,2025-05-09,312
pa,2025-02-08,2025-05-14,312
pa,2025-02-08,2025-05-16,312
pa,2025-02-08,2025-05-21,312
pa,2025-02-08,2025-05-23,312
pa,2025-02-08,2025-05-28,312
pa,2025-02-08,2025-05-30,312
pa,2025-02-08,2025-06-04,312
pa,2025-02-08,2025-06-06,312
pa,2025-02-08,2025-06-11,312
pa,2025-02-08,2025-06-13,312
pa,2025-02-08,2025-06-18,312
pa,2025-02-08,2025-06-20,312
pa,2025-02-08,2025-06-25,312
pa,2025-02-08,2025-06-27,312
pa,2025-02-08,2025-07-02,312
pa,2025-02-08,2025-07-07,312
pa,2025-02-08,2025-07-09,312
pa,2025-02-08,2025-07-11,312
pa,2025-02-08,2025-07-16,312
pa,2025-02-08,2025-07-18,312
pa,2025-02-08,2025-07-23,312
pa,2025-02-08,2025-07-25,312
pa,2025-02-08,2025-07-30,312
pa,2025-02-08,2025-08-01,312
pa,2025-02-08,2025-08-06,312
pa,2025-02-08,2025-08-08,312
pa,2025-02-08,2025-08-13,312
pa,2025-02-08,2025-08-15,312
pa,2025-02-08,2025-08-20,312
pa,2025-02-08,2025-08-22,312
pa,2025-02-08,2025-08-27,312
pa,2025-02-08,2025-08-29,312
pa,2025-02-08,2025-09-03,312
pa,2025-02-08,2025-09-05,312
pa,2025-02-08,2025-09-10,312
pa,2025-02-08,2025-09-12,312
pa,2025-02-08,2025-09-17,312
pa,2025-02-08,2025-09-19,312
pa,2025-02-08,2025-09-24,312
pa,2025-02-08,2025-09-26,312
pa,2025-02-08,2025-11-14,312
pa,2025-02-08,2025-11-19,312
pa,2025-02-08,2025-11-21,312
pa,2025-02-08,2025-11-26,312
pa,2025-02-08,2025-12-01,312
pa,2025-02-08,2025-12-03,312
pa,2025-02-08,2025-12-05,312
pa,2025-02-08,2025-12-10,312
pa,2025-02-08,2025-12-12,312
pa,2025-02-08,2025-12-17,312
pa,2025-02-08,2025-12-19,312
pa,2025-02-08,2025-12-24,312
pa,2025-02-08,2025-12-30,312
pa,2025-02-08,2025-12-31,312
pa,2025-02-15,2025-02-19,456
pa,2025-02-15,2025-02-20,435
pa,2025-02-15,2025-02-22,428
pa,2025-02-15,2025-02-26,438
pa,2025-02-15,2025-02-28,427
pa,2025-02-15,2025-03-05,461
pa,2025-02-15,2025-03-07,446
pa,2025-02-15,2025-03-12,465
pa,2025-02-15,2025-03-14,457
pa,2025-02-15,2025-03-19,468
pa,2025-02-15,2025-03-21,470
pa,2025-02-15,2025-03-26,471
pa,2025-02-15,2025-03-28,471
pa,2025-02-15,2025-04-02,471
pa,2025-02-15,2025-04-04,471
pa,2025-02-15,2025-04-09,471
pa,2025-02-15,2025-04-11,471
pa,2025-02-15,2025-04-16,471
pa,2025-02-15,2025-04-18,471
pa,2025-02-15,2025-04-23,471
pa,2025-02-15,2025-04-25,471
pa,2025-02-15,2025-04-30,471
pa,2025-02-15,2025-05-02,471
pa,2025-02-15,2025-05-07,471
pa,2025-02-15,2025-05-09,471
pa,2025-02-15,2025-05-14,471
pa,2025-02-15,2025-05-16,471
pa,2025-02-15,2025-05-21,471
pa,2025-02-15,2025-05-23,471
pa,2025-02-15,2025-05-28,471
pa,2025-02-15,2025-05-30,471
pa,2025-02-15,2025-06-04,471
pa,2025-02-15,2025-06-06,471
pa,2025-02-15,2025-06-11,471
pa,2025-02-15,2025-06-13,471
pa,2025-02-15,2025-06-18,471
pa,2025-02-15,2025-06-20,471
pa,2025-02-15,2025-06-25,471
pa,2025-02-15,2025-06-27,471
pa,2025-02-15,2025-07-02,471
pa,2025-02-15,2025-07-07,471
pa,2025-02-15,2025-07-09,471
pa,2025-02-15,2025-07-11,471
pa,2025-02-15,2025-07-16,471
pa,2025-02-15,2025-07-18,471
pa,2025-02-15,2025-07-23,471
pa,2025-02-15,2025-07-25,471
pa,2025-02-15,2025-07-30,471
pa,2025-02-15,2025-08-01,471
pa,2025-02-15,2025-08-06,471
pa,2025-02-15,2025-08-08,471
pa,2025-02-15,2025-08-13,471
pa,2025-02-15,2025-08-15,471
pa,2025-02-15,2025-08-20,471
pa,2025-02-15,2025-08-22,471
pa,2025-02-15,2025-08-27,471
pa,2025-02-15,2025-08-29,471
pa,2025-02-15,2025-09-03,471
pa,2025-02-15,2025-09-05,471
pa,2025-02-15,2025-09-10,471
pa,2025-02-15,2025-09-12,471
pa,2025-02-15,2025-09-17,471
pa,2025-02-15,2025-09-19,471
pa,2025-02-15,2025-09-24,471
pa,2025-02-15,2025-09-26,471
pa,2025-02-15,2025-11-14,471
pa,2025-02-15,2025-11-19,471
pa,2025-02-15,2025-11-21,471
pa,2025-02-15,2025-11-26,471
pa,2025-02-15,2025-12-01,471
pa,2025-02-15,2025-12-03,471
pa,2025-02-15,2025-12-05,471
pa,2025-02-15,2025-12-10,471
pa,2025-02-15,2025-12-12,471
pa,2025-02-15,2025-12-17,471
pa,2025-02-15,2025-12-19,471
pa,2025-02-15,2025-12-24,471
pa,2025-02-15,2025-12-30,471
pa,2025-02-15,2025-12-31,471
pa,2025-02-22,2025-02-26,185
pa,2025-02-22,2025-02-28,192
pa,2025-02-22,2025-03-05,208
pa,2025-02-22,2025-03-07,208
pa,2025-02-22,2025-03-12,215
pa,2025-02-22,2025-03-14,212
pa,2025-02-22,2025-03-19,227
pa,2025-02-22,2025-03-21,226
pa,2025-02-22,2025-03-26,231
pa,2025-02-22,2025-03-28,234
pa,2025-02-22,2025-04-02,235
pa,2025-02-22,2025-04-04,235
pa,2025-02-22,2025-04-09,235
pa,2025-02-22,2025-04-11,235
pa,2025-02-22,2025-04-16,235
pa,2025-02-22,2025-04-18,235
pa,2025-02-22,2025-04-23,235
pa,2025-02-22,2025-04-25,235
pa,2025-02-22,2025-04-30,235
pa,2025-02-22,2025-05-02,235
pa,2025-02-22,2025-05-07,235
pa,2025-02-22,2025-05-09,235
pa,2025-02-22,2025-05-14,235
pa,2025-02-22,2025-05-16,235
pa,2025-02-22,2025-05-21,235
pa,2025-02-22,2025-05-23,235
pa,2025-02-22,2025-05-28,235
pa,2025-02-22,2025-05-30,235
pa,2025-02-22,2025-06-04,235
pa,2025-02-22,2025-06-06,235
pa,2025-02-22,2025-06-11,235
pa,2025-02-22,2025-06-13,235
pa,2025-02-22,2025-06-18,235
pa,2025-02-22,2025-06-20,235
pa,2025-02-22,2025-06-25,235
pa,2025-02-22,2025-06-27,235
pa,2025-02-22,2025-07-02,235
pa,2025-02-22,2025-07-07,235
pa,2025-02-22,2025-07-09,235
pa,2025-02-22,2025-07-11,235
pa,2025-02-22,2025-07-16,235
pa,2025-02-22,2025-07-18,235
pa,2025-02-22,2025-07-23,235
pa,2025-02-22,2025-07-25,235
pa,2025-02-22,2025-07-30,235
pa,2025-02-22,2025-08-01,235
pa,2025-02-22,2025-08-06,235
pa,2025-02-22,2025-08-08,235
pa,2025-02-22,2025-08-13,235
pa,2025-02-22,2025-08-15,235
pa,2025-02-22,2025-08-20,235
pa,2025-02-22,2025-08-22,235
pa,2025-02-22,2025-08-27,235
pa,2025-02-22,2025-08-29,235
pa,2025-02-22,2025-09-03,235
pa,2025-02-22,2025-09-05,235
pa,2025-02-22,2025-09-10,235
pa,2025-02-22,2025-09-12,235
pa,2025-02-22,2025-09-17,235
pa,2025-02-22,2025-09-19,235
pa,2025-02-22,2025-09-24,235
pa,2025-02-22,2025-09-26,235
pa,2025-02-22,2025-11-14,235
pa,2025-02-22,2025-11-19,235
pa,2025-02-22,2025-11-21,235
pa,2025-02-22,2025-11-26,235
pa,2025-02-22,2025-12-01,235
pa,2025-02-22,2025-12-03,235
pa,2025-02-22,2025-12-05,235
pa,2025-02-22,2025-12-10,235
pa,2025-02-22,2025-12-12,235
pa,2025-02-22,2025-12-17,235
pa,2025-02-22,2025-12-19,235
pa,2025-02-22,2025-12-24,235
pa,2025-02-22,2025-12-30,235
pa,2025-02-22,2025-12-31,235
pa,2025-03-01,2025-03-05,95
pa,2025-03-01,2025-03-07,93
pa,2025-03-01,2025-03-12,97
pa,2025-03-01,2025-03-14,103
pa,2025-03-01,2025-03-19,113
pa,2025-03-01,2025-03-21,110
pa,2025-03-01,2025-03-26,120
pa,2025-03-01,2025-03-28,122
pa,2025-03-01,2025-04-02,130
pa,2025-03-01,2025-04-04,134
pa,2025-03-01,2025-04-09,135
pa,2025-03-01,2025-04-11,135
pa,2025-03-01,2025-04-16,135
pa,2025-03-01,2025-04-18,135
pa,2025-03-01,2025-04-23,135
pa,2025-03-01,2025-04-25,135
pa,2025-03-01,2025-04-30,135
pa,2025-03-01,2025-05-02,135
pa,2025-03-01,2025-05-07,135
pa,2025-03-01,2025-05-09,135
pa,2025-03-01,2025-05-14,135
pa,2025-03-01,2025-05-16,135
pa,2025-03-01,2025-05-21,135
pa,2025-03-01,2025-05-23,135
pa,2025-03-01,2025-05-28,135
pa,2025-03-01,2025-05-30,135
pa,2025-03-01,2025-06-04,135
pa,2025-03-01,2025-06-06,135
pa,2025-03-01,2025-06-11,135
pa,2025-03-01,2025-06-13,135
pa,2025-03-01,2025-06-18,135
pa,2025-03-01,2025-06-20,135
pa,2025-03-01,2025-06-25,135
pa,2025-03-01,2025-06-27,135
pa,2025-03-01,2025-07-02,135
pa,2025-03-01,2025-07-07,135
pa,2025-03-01,2025-07-09,135
pa,2025-03-01,2025-07-11,135
pa,2025-03-01,2025-07-16,135
pa,2025-03-01,2025-07-18,135
pa,2025-03-01,2025-07-23,135
pa,2025-03-01,2025-07-25,135
pa,2025-03-01,2025-07-30,135
pa,2025-03-01,2025-08-01,135
pa,2025-03-01,2025-08-06,135
pa,2025-03-01,2025-08-08,135
pa,2025-03-01,2025-08-13,135
pa,2025-03-01,2025-08-15,135
pa,2025-03-01,2025-08-20,135
pa,2025-03-01,2025-08-22,135
pa,2025-03-01,2025-08-27,135
pa,2025-03-01,2025-08-29,135
pa,2025-03-01,2025-09-03,135
pa,2025-03-01,2025-09-05,135
pa,2025-03-01,2025-09-10,135
pa,2025-03-01,2025-09-12,135
pa,2025-03-01,2025-09-17,135
pa,2025-03-01,2025-09-19,135
pa,2025-03-01,2025-09-24,135
pa,2025-03-01,2025-09-26,135
pa,2025-03-01,2025-11-14,135
pa,2025-03-01,2025-11-19,135
pa,2025-03-01,2025-11-21,135
pa,2025-03-01,2025-11-26,135
pa,2025-03-01,2025-12-01,135
pa,2025-03-01,2025-12-03,135
pa,2025-03-01,2025-12-05,135
pa,2025-03-01,2025-12-10,135
pa,2025-03-01,2025-12-12,135
pa,2025-03-01,2025-12-17,135
pa,2025-03-01,2025-12-19,135
pa,2025-03-01,2025-12-24,135
pa,2025-03-01,2025-12-30,135
pa,2025-03-01,2025-12-31,135
pa,2025-03-08,2025-03-12,327
pa,2025-03-08,2025-03-14,320
pa,2025-03-08,2025-03-19,327
pa,2025-03-08,2025-03-21,351
pa,2025-03-08,2025-03-26,358
pa,2025-03-08,2025-03-28,367
pa,2025-03-08,2025-04-02,369
pa,2025-03-08,2025-04-04,386
pa,2025-03-08,2025-04-09,396
pa,2025-03-08,2025-04-11,404
pa,2025-03-08,2025-04-16,407
pa,2025-03-08,2025-04-18,407
pa,2025-03-08,2025-04-23,407
pa,2025-03-08,2025-04-25,407
pa,2025-03-08,2025-04-30,407
pa,2025-03-08,2025-05-02,407
pa,2025-03-08,2025-05-07,407
pa,2025-03-08,2025-05-09,407
pa,2025-03-08,2025-05-14,407
pa,2025-03-08,2025-05-16,407
pa,2025-03-08,2025-05-21,407
pa,2025-03-08,2025-05-23,407
pa,2025-03-08,2025-05-28,407
pa,2025-03-08,2025-05-30,407
pa,2025-03-08,2025-06-04,407
pa,2025-03-08,2025-06-06,407
pa,2025-03-08,2025-06-11,407
pa,2025-03-08,2025-06-13,407
pa,2025-03-08,2025-06-18,407
pa,2025-03-08,2025-06-20,407
pa,2025-03-08,2025-06-25,407
pa,2025-03-08,2025-06-27,407
pa,2025-03-08,2025-07-02,407
pa,2025-03-08,2025-07-07,407
pa,2025-03-08,2025-07-09,407
pa,2025-03-08,2025-07-11,407
pa,2025-03-08,2025-07-16,407
pa,2025-03-08,2025-07-18,407
pa,2025-03-08,2025-07-23,407
pa,2025-03-08,2025-07-25,407
pa,2025-03-08,2025-07-30,407
pa,2025-03-08,2025-08-01,407
pa,2025-03-08,2025-08-06,407
pa,2025-03-08,2025-08-08,407
pa,2025-03-08,2025-08-13,407
pa,2025-03-08,2025-08-15,407
pa,2025-03-08,2025-08-20,407
pa,2025-03-08,2025-08-22,407
pa,2025-03-08,2025-08-27,407
pa,2025-03-08,2025-08-29,407
pa,2025-03-08,2025-09-03,407
pa,2025-03-08,2025-09-05,407
pa,2025-03-08,2025-09-10,407
pa,2025-03-08,2025-09-12,407
pa,2025-03-08,2025-09-17,407
pa,2025-03-08,2025-09-19,407
pa,2025-03-08,2025-09-24,407
pa,2025-03-08,2025-09-26,407
pa,2025-03-08,2025-11-14,407
pa,2025-03-08,2025-11-19,407
pa,2025-03-08,2025-11-21,407
pa,2025-03-08,2025-11-26,407
pa,2025-03-08,2025-12-01,407
pa,2025-03-08,2025-12-03,407
pa,2025-03-08,2025-12-05,407
pa,2025-03-08,2025-12-10,407
pa,2025-03-08,2025-12-12,407
pa,2025-03-08,2025-12-17,407
pa,2025-03-08,2025-12-19,407
pa,2025-03-08,2025-12-24,407
pa,2025-03-08,2025-12-30,407
pa,2025-03-08,2025-12-31,407
pa,2025-03-15,2025-03-19,309
pa,2025-03-15,2025-03-21,322
pa,2025-03-15,2025-03-26,302
pa,2025-03-15,2025-03-28,315
pa,2025-03-15,2025-04-02,314
pa,2025-03-15,2025-04-04,305
pa,2025-03-15,2025-04-09,302
pa,2025-03-15,2025-04-11,304
pa,2025-03-15,2025-04-16,302
pa,2025-03-15,2025-04-18,301
pa,2025-03-15,2025-04-23,300
pa,2025-03-15,2025-04-25,300
pa,2025-03-15,2025-04-30,300
pa,2025-03-15,2025-05-02,300
pa,2025-03-15,2025-05-07,300
pa,2025-03-15,2025-05-09,300
pa,2025-03-15,2025-05-14,300
pa,2025-03-15,2025-05-16,300
pa,2025-03-15,2025-05-21,300
pa,2025-03-15,2025-05-23,300
pa,2025-03-15,2025-05-28,300
pa,2025-03-15,2025-05-30,300
pa,2025-03-15,2025-06-04,300
pa,2025-03-15,2025-06-06,300
pa,2025-03-15,2025-06-11,300
pa,2025-03-15,2025-06-13,300
pa,2025-03-15,2025-06-18,300
pa,2025-03-15,2025-06-20,300
pa,2025-03-15,2025-06-25,300
pa,2025-03-15,2025-06-27,300
pa,2025-03-15,2025-07-02,300
pa,2025-03-15,2025-07-07,300
pa,2025-03-15,2025-07-09,300
pa,2025-03-15,2025-07-11,300
pa,2025-03-15,2025-07-16,300
pa,2025-03-15,2025-07-18,300
pa,2025-03-15,2025-07-23,300
pa,2025-03-15,2025-07-25,300
pa,2025-03-15,2025-07-30,300
pa,2025-03-15,2025-08-01,300
pa,2025-03-15,2025-08-06,300
pa,2025-03-15,2025-08-08,300
pa,2025-03-15,2025-08-13,300
pa,2025-03-15,2025-08-15,300
pa,2025-03-15,2025-08-20,300
pa,2025-03-15,2025-08-22,300
pa,2025-03-15,2025-08-27,300
pa,2025-03-15,2025-08-29,300
pa,2025-03-15,2025-09-03,300
pa,2025-03-15,2025-09-05,300
pa,2025-03-15,2025-09-10,300
pa,2025-03-15,2025-09-12,300
pa,2025-03-15,2025-09-17,300
pa,2025-03-15,2025-09-19,300
pa,2025-03-15,2025-09-24,300
pa,2025-03-15,2025-09-26,300
pa,2025-03-15,2025-11-14,300
pa,2025-03-15,2025-11-19,300
pa,2025-03-15,2025-11-21,300
pa,2025-03-15,2025-11-26,300
pa,2025-03-15,2025-12-01,300
pa,2025-03-15,2025-12-03,300
pa,2025-03-15,2025-12-05,300
pa,2025-03-15,2025-12-10,300
pa,2025-03-15,2025-12-12,300
pa,2025-03-15,2025-12-17,300
pa,2025-03-15,2025-12-19,300
pa,2025-03-15,2025-12-24,300
pa,2025-03-15,2025-12-30,300
pa,2025-03-15,2025-12-31,300
pa,2025-03-22,2025-03-26,243
pa,2025-03-22,2025-03-28,246
pa,2025-03-22,2025-04-02,271
pa,2025-03-22,2025-04-04,262
pa,2025-03-22,2025-04-09,281
pa,2025-03-22,2025-04-11,284
pa,2025-03-22,2025-04-16,287
pa,2025-03-22,2025-04-18,296
pa,2025-03-22,2025-04-23,309
pa,2025-03-22,2025-04-25,314
pa,2025-03-22,2025-04-30,316
pa,2025-03-22,2025-05-02,316
pa,2025-03-22,2025-05-07,316
pa,2025-03-22,2025-05-09,316
pa,2025-03-22,2025-05-14,316
pa,2025-03-22,2025-05-16,316
pa,2025-03-22,2025-05-21,316
pa,2025-03-22,2025-05-23,316
pa,2025-03-22,2025-05-28,316
pa,2025-03-22,2025-05-30,316
pa,2025-03-22,2025-06-04,316
pa,2025-03-22,2025-06-06,316
pa,2025-03-22,2025-06-11,316
pa,2025-03-22,2025-06-13,316
pa,2025-03-22,2025-06-18,316
pa,2025-03-22,2025-06-20,316
pa,2025-03-22,2025-06-25,316
pa,2025-03-22,2025-06-27,316
pa,2025-03-22,2025-07-02,316
pa,2025-03-22,2025-07-07,316
pa,2025-03-22,2025-07-09,316
pa,2025-03-22,2025-07-11,316
pa,2025-03-22,2025-07-16,316
pa,2025-03-22,2025-07-18,316
pa,2025-03-22,2025-07-23,316
pa,2025-03-22,2025-07-25,316
pa,2025-03-22,2025-07-30,316
pa,2025-03-22,2025-08-01,316
pa,2025-03-22,2025-08-06,316
pa,2025-03-22,2025-08-08,316
pa,2025-03-22,2025-08-13,316
pa,2025-03-22,2025-08-15,316
pa,2025-03-22,2025-08-20,316
pa,2025-03-22,2025-08-22,316
pa,2025-03-22,2025-08-27,316
pa,2025-03-22,2025-08-29,316
pa,2025-03-22,2025-09-03,316
pa,2025-03-22,2025-09-05,316
pa,2025-03-22,2025-09-10,316
pa,2025-03-22,2025-09-12,316
pa,2025-03-22,2025-09-17,316
pa,2025-03-22,2025-09-19,316
pa,2025-03-22,2025-09-24,316
pa,2025-03-22,2025-09-26,316
pa,2025-03-22,2025-11-14,316
pa,2025-03-22,2025-11-19,316
pa,2025-03-22,2025-11-21,316
pa,2025-03-22,2025-11-26,316
pa,2025-03-22,2025-12-01,316
pa,2025-03-22,2025-12-03,316
pa,2025-03-22,2025-12-05,316
pa,2025-03-22,2025-12-10,316
pa,2025-03-22,2025-12-12,316
pa,2025-03-22,2025-12-17,316
pa,2025-03-22,2025-12-19,316
pa,2025-03-22,2025-12-24,316
pa,2025-03-22,2025-12-30,316
pa,2025-03-22,2025-12-31,316
pa,2025-03-29,2025-04-02,375
pa,2025-03-29,2025-04-04,394
pa,2025-03-29,2025-04-09,412
pa,2025-03-29,2025-04-11,409
pa,2025-03-29,2025-04-16,420
pa,2025-03-29,2025-04-18,441
pa,2025-03-29,2025-04-23,457
pa,2025-03-29,2025-04-25,455
pa,2025-03-29,2025-04-30,480
pa,2025-03-29,2025-05-02,490
pa,2025-03-29,2025-05-07,495
pa,2025-03-29,2025-05-09,495
pa,2025-03-29,2025-05-14,495
pa,2025-03-29,2025-05-16,495
pa,2025-03-29,2025-05-21,495
pa,2025-03-29,2025-05-23,495
pa,2025-03-29,2025-05-28,495
pa,2025-03-29,2025-05-30,495
pa,2025-03-29,2025-06-04,495
pa,2025-03-29,2025-06-06,495
pa,2025-03-29,2025-06-11,495
pa,2025-03-29,2025-06-13,495
pa,2025-03-29,2025-06-18,495
pa,2025-03-29,2025-06-20,495
pa,2025-03-29,2025-06-25,495
pa,2025-03-29,2025-06-27,495
pa,2025-03-29,2025-07-02,495
pa,2025-03-29,2025-07-07,495
pa,2025-03-29,2025-07-09,495
pa,2025-03-29,2025-07-11,495
pa,2025-03-29,2025-07-16,495
pa,2025-03-29,2025-07-18,495
pa,2025-03-29,2025-07-23,495
pa,2025-03-29,2025-07-25,495
pa,2025-03-29,2025-07-30,495
pa,2025-03-29,2025-08-01,495
pa,2025-03-29,2025-08-06,495
pa,2025-03-29,2025-08-08,495
pa,2025-03-29,2025-08-13,495
pa,2025-03-29,2025-08-15,495
pa,2025-03-29,2025-08-20,495
pa,2025-03-29,2025-08-22,495
pa,2025-03-29,2025-08-27,495
pa,2025-03-29,2025-08-29,495
pa,2025-03-29,2025-09-03,495
pa,2025-03-29,2025-09-05,495
pa,2025-03-29,2025-09-10,495
pa,2025-03-29,2025-09-12,495
pa,2025-03-29,2025-09-17,495
pa,2025-03-29,2025-09-19,495
pa,2025-03-29,2025-09-24,495
pa,2025-03-29,2025-09-26,495
pa,2025-03-29,2025-11-14,495
pa,2025-03-29,2025-11-19,495
pa,2025-03-29,2025-11-21,495
pa,2025-03-29,2025-11-26,495
pa,2025-03-29,2025-12-01,495
pa,2025-03-29,2025-12-03,495
pa,2025-03-29,2025-12-05,495
pa,2025-03-29,2025-12-10,495
pa,2025-03-29,2025-12-12,495
pa,2025-03-29,2025-12-17,495
pa,2025-03-29,2025-12-19,495
pa,2025-03-29,2025-12-24,495
pa,2025-03-29,2025-12-30,495
pa,2025-03-29,2025-12-31,495
pa,2025-04-05,2025-04-09,165
pa,2025-04-05,2025-04-11,181
pa,2025-04-05,2025-04-16,185
pa,2025-04-05,2025-04-18,180
pa,2025-04-05,2025-04-23,190
pa,2025-04-05,2025-04-25,190
pa,2025-04-05,2025-04-30,200
pa,2025-04-05,2025-05-02,203
pa,2025-04-05,2025-05-07,212
pa,2025-04-05,2025-05-09,213
pa,2025-04-05,2025-05-14,215
pa,2025-04-05,2025-05-16,215
pa,2025-04-05,2025-05-21,215
pa,2025-04-05,2025-05-23,215
pa,2025-04-05,2025-05-28,215
pa,2025-04-05,2025-05-30,215
pa,2025-04-05,2025-06-04,215
pa,2025-04-05,2025-06-06,215
pa,2025-04-05,2025-06-11,215
pa,2025-04-05,2025-06-13,215
pa,2025-04-05,2025-06-18,215
pa,2025-04-05,2025-06-20,215
pa,2025-04-05,2025-06-25,215
pa,2025-04-05,2025-06-27,215
pa,2025-04-05,2025-07-02,215
pa,2025-04-05,2025-07-07,215
pa,2025-04-05,2025-07-09,215
pa,2025-04-05,2025-07-11,215
pa,2025-04-05,2025-07-16,215
pa,2025-04-05,2025-07-18,215
pa,2025-04-05,2025-07-23,215
pa,2025-04-05,2025-07-25,215
pa,2025-04-05,2025-07-30,215
pa,2025-04-05,2025-08-01,215
pa,2025-04-05,2025-08-06,215
pa,2025-04-05,2025-08-08,215
pa,2025-04-05,2025-08-13,215
pa,2025-04-05,2025-08-15,215
pa,2025-04-05,2025-08-20,215
pa,2025-04-05,2025-08-22,215
pa,2025-04-05,2025-08-27,215
pa,2025-04-05,2025-08-29,215
pa,2025-04-05,2025-09-03,215
pa,2025-04-05,2025-09-05,215
pa,2025-04-05,2025-09-10,215
pa,2025-04-05,2025-09-12,215
pa,2025-04-05,2025-09-17,215
pa,2025-04-05,2025-09-19,215
pa,2025-04-05,2025-09-24,215
pa,2025-04-05,2025-09-26,215
pa,2025-04-05,2025-11-14,215
pa,2025-04-05,2025-11-19,215
pa,2025-04-05,2025-11-21,215
pa,2025-04-05,2025-11-26,215
pa,2025-04-05,2025-12-01,215
pa,2025-04-05,2025-12-03,215
pa,2025-04-05,2025-12-05,215
pa,2025-04-05,2025-12-10,215
pa,2025-04-05,2025-12-12,215
pa,2025-04-05,2025-12-17,215
pa,2025-04-05,2025-12-19,215
pa,2025-04-05,2025-12-24,215
pa,2025-04-05,2025-12-30,215
pa,2025-04-05,2025-12-31,215
pa,2025-04-12,2025-04-16,373
pa,2025-04-12,2025-04-18,381
pa,2025-04-12,2025-04-23,365
pa,2025-04-12,2025-04-25,372
pa,2025-04-12,2025-04-30,371
pa,2025-04-12,2025-05-02,374
pa,2025-04-12,2025-05-07,373
pa,2025-04-12,2025-05-09,368
pa,2025-04-12,2025-05-14,369
pa,2025-04-12,2025-05-16,367
pa,2025-04-12,2025-05-21,367
pa,2025-04-12,2025-05-23,367
pa,2025-04-12,2025-05-28,367
pa,2025-04-12,2025-05-30,367
pa,2025-04-12,2025-06-04,367
pa,2025-04-12,2025-06-06,367
pa,2025-04-12,2025-06-11,367
pa,2025-04-12,2025-06-13,367
pa,2025-04-12,2025-06-18,367
pa,2025-04-12,2025-06-20,367
pa,2025-04-12,2025-06-25,367
pa,2025-04-12,2025-06-27,367
pa,2025-04-12,2025-07-02,367
pa,2025-04-12,2025-07-07,367
pa,2025-04-12,2025-07-09,367
pa,2025-04-12,2025-07-11,367
pa,2025-04-12,2025-07-16,367
pa,2025-04-12,2025-07-18,367
pa,2025-04-12,2025-07-23,367
pa,2025-04-12,2025-07-25,367
pa,2025-04-12,2025-07-30,367
pa,2025-04-12,2025-08-01,367
pa,2025-04-12,2025-08-06,367
pa,2025-04-12,2025-08-08,367
pa,2025-04-12,2025-08-13,367
pa,2025-04-12,2025-08-15,367
pa,2025-04-12,2025-08-20,367
pa,2025-04-12,2025-08-22,367
pa,2025-04-12,2025-08-27,367
pa,2025-04-12,2025-08-29,367
pa,2025-04-12,2025-09-03,367
pa,2025-04-12,2025-09-05,367
pa,2025-04-12,2025-09-10,367
pa,2025-04-12,2025-09-12,367
pa,2025-04-12,2025-09-17,367
pa,2025-04-12,2025-09-19,367
pa,2025-04-12,2025-09-24,367
pa,2025-04-12,2025-09-26,367
pa,2025-04-12,2025-11-14,367
pa,2025-04-12,2025-11-19,367
pa,2025-04-12,2025-11-21,367
pa,2025-04-12,2025-11-26,367
pa,2025-04-12,2025-12-01,367
pa,2025-04-12,2025-12-03,367
pa,2025-04-12,2025-12-05,367
pa,2025-04-12,2025-12-10,367
pa,2025-04-12,2025-12-12,367
pa,2025-04-12,2025-12-17,367
pa,2025-04-12,2025-12-19,367
pa,2025-04-12,2025-12-24,367
pa,2025-04-12,2025-12-30,367
pa,2025-04-12,2025-12-31,367
pa,2025-04-19,2025-04-23,406
pa,2025-04-19,2025-04-25,391
pa,2025-04-19,2025-04-30,414
pa,2025-04-19,2025-05-02,409
pa,2025-04-19,2025-05-07,424
pa,2025-04-19,2025-05-09,441
pa,2025-04-19,2025-05-14,443
pa,2025-04-19,2025-05-16,457
pa,2025-04-19,2025-05-21,465
pa,2025-04-19,2025-05-23,467
pa,2025-04-19,2025-05-28,469
pa,2025-04-19,2025-05-30,469
pa,2025-04-19,2025-06-04,469
pa,2025-04-19,2025-06-06,469
pa,2025-04-19,2025-06-11,469
pa,2025-04-19,2025-06-13,469
pa,2025-04-19,2025-06-18,469
pa,2025-04-19,2025-06-20,469
pa,2025-04-19,2025-06-25,469
pa,2025-04-19,2025-06-27,469
pa,2025-04-19,2025-07-02,469
pa,2025-04-19,2025-07-07,469
pa,2025-04-19,2025-07-09,469
pa,2025-04-19,2025-07-11,469
pa,2025-04-19,2025-07-16,469
pa,2025-04-19,2025-07-18,469
pa,2025-04-19,2025-07-23,469
pa,2025-04-19,2025-07-25,469
pa,2025-04-19,2025-07-30,469
pa,2025-04-19,2025-08-01,469
pa,2025-04-19,2025-08-06,469
pa,2025-04-19,2025-08-08,469
pa,2025-04-19,2025-08-13,469
pa,2025-04-19,2025-08-15,469
pa,2025-04-19,2025-08-20,469
pa,2025-04-19,2025-08-22,469
pa,2025-04-19,2025-08-27,469
pa,2025-04-19,2025-08-29,469
pa,2025-04-19,2025-09-03,469
pa,2025-04-19,2025-09-05,469
pa,2025-04-19,2025-09-10,469
pa,2025-04-19,2025-09-12,469
pa,2025-04-19,2025-09-17,469
pa,2025-04-19,2025-09-19,469
pa,2025-04-19,2025-09-24,469
pa,2025-04-19,2025-09-26,469
pa,2025-04-19,2025-11-14,469
pa,2025-04-19,2025-11-19,469
pa,2025-04-19,2025-11-21,469
pa,2025-04-19,2025-11-26,469
pa,2025-04-19,2025-12-01,469
pa,2025-04-19,2025-12-03,469
pa,2025-04-19,2025-12-05,469
pa,2025-04-19,2025-12-10,469
pa,2025-04-19,2025-12-12,469
pa,2025-04-19,2025-12-17,469
pa,2025-04-19,2025-12-19,469
pa,2025-04-19,2025-12-24,469
pa,2025-04-19,2025-12-30,469
pa,2025-04-19,2025-12-31,469
pa,2025-04-26,2025-04-30,124
pa,2025-04-26,2025-05-02,127
pa,2025-04-26,2025-05-07,130
pa,2025-04-26,2025-05-09,144
pa,2025-04-26,2025-05-14,142
pa,2025-04-26,2025-05-16,146
pa,2025-04-26,2025-05-21,152
pa,2025-04-26,2025-05-23,156
pa,2025-04-26,2025-05-28,163
pa,2025-04-26,2025-05-30,166
pa,2025-04-26,2025-06-04,167
pa,2025-04-26,2025-06-06,167
pa,2025-04-26,2025-06-11,167
pa,2025-04-26,2025-06-13,167
pa,2025-04-26,2025-06-18,167
pa,2025-04-26,2025-06-20,167
pa,2025-04-26,2025-06-25,167
pa,2025-04-26,2025-06-27,167
pa,2025-04-26,2025-07-02,167
pa,2025-04-26,2025-07-07,167
pa,2025-04-26,2025-07-09,167
pa,2025-04-26,2025-07-11,167
pa,2025-04-26,2025-07-16,167
pa,2025-04-26,2025-07-18,167
pa,2025-04-26,2025-07-23,167
pa,2025-04-26,2025-07-25,167
pa,2025-04-26,2025-07-30,167
pa,2025-04-26,2025-08-01,167
pa,2025-04-26,2025-08-06,167
pa,2025-04-26,2025-08-08,167
pa,2025-04-26,2025-08-13,167
pa,2025-04-26,2025-08-15,167
pa,2025-04-26,2025-08-20,167
pa,2025-04-26,2025-08-22,167
pa,2025-04-26,2025-08-27,167
pa,2025-04-26,2025-08-29,167
pa,2025-04-26,2025-09-03,167
pa,2025-04-26,2025-09-05,167
pa,2025-04-26,2025-09-10,167
pa,2025-04-26,2025-09-12,167
pa,2025-04-26,2025-09-17,167
pa,2025-04-26,2025-09-19,167
pa,2025-04-26,2025-09-24,167
pa,2025-04-26,2025-09-26,167
pa,2025-04-26,2025-11-14,167
pa,2025-04-26,2025-11-19,167
pa,2025-04-26,2025-11-21,167
pa,2025-04-26,2025-11-26,167
pa,2025-04-26,2025-12-01,167
pa,2025-04-26,2025-12-03,167
pa,2025-04-26,2025-12-05,167
pa,2025-04-26,2025-12-10,167
pa,2025-04-26,2025-12-12,167
pa,2025-04-26,2025-12-17,167
pa,2025-04-26,2025-12-19,167
pa,2025-04-26,2025-12-24,167
pa,2025-04-26,2025-12-30,167
pa,2025-04-26,2025-12-31,167
pa,2025-05-03,2025-05-07,280
pa,2025-05-03,2025-05-09,292
pa,2025-05-03,2025-05-14,305
pa,2025-05-03,2025-05-16,297
pa,2025-05-03,2025-05-21,299
pa,2025-05-03,2025-05-23,314
pa,2025-05-03,2025-05-28,309
pa,2025-05-03,2025-05-30,315
pa,2025-05-03,2025-06-04,322
pa,2025-05-03,2025-06-06,323
pa,2025-05-03,2025-06-11,324
pa,2025-05-03,2025-06-13,324
pa,2025-05-03,2025-06-18,324
pa,2025-05-03,2025-06-20,324
pa,2025-05-03,2025-06-25,324
pa,2025-05-03,2025-06-27,324
pa,2025-05-03,2025-07-02,324
pa,2025-05-03,2025-07-07,324
pa,2025-05-03,2025-07-09,324
pa,2025-05-03,2025-07-11,324
pa,2025-05-03,2025-07-16,324
pa,2025-05-03,2025-07-18,324
pa,2025-05-03,2025-07-23,324
pa,2025-05-03,2025-07-25,324
pa,2025-05-03,2025-07-30,324
pa,2025-05-03,2025-08-01,324
pa,2025-05-03,2025-08-06,324
pa,2025-05-03,2025-08-08,324
pa,2025-05-03,2025-08-13,324
pa,2025-05-03,2025-08-15,324
pa,2025-05-03,2025-08-20,324
pa,2025-05-03,2025-08-22,324
pa,2025-05-03,2025-08-27,324
pa,2025-05-03,2025-08-29,324
pa,2025-05-03,2025-09-03,324
pa,2025-05-03,2025-09-05,324
pa,2025-05-03,2025-09-10,324
pa,2025-05-03,2025-09-12,324
pa,2025-05-03,2025-09-17,324
pa,2025-05-03,2025-09-19,324
pa,2025-05-03,2025-09-24,324
pa,2025-05-03,2025-09-26,324
pa,2025-05-03,2025-11-14,324
pa,2025-05-03,2025-11-19,324
pa,2025-05-03,2025-11-21,324
pa,2025-05-03,2025-11-26,324
pa,2025-05-03,2025-12-01,324
pa,2025-05-03,2025-12-03,324
pa,2025-05-03,2025-12-05,324
pa,2025-05-03,2025-12-10,324
pa,2025-05-03,2025-12-12,324
pa,2025-05-03,2025-12-17,324
pa,2025-05-03,2025-12-19,324
pa,2025-05-03,2025-12-24,324
pa,2025-05-03,2025-12-30,324
pa,2025-05-03,2025-12-31,324
pa,2025-05-10,2025-05-14,346
pa,2025-05-10,2025-05-16,327
pa,2025-05-10,2025-05-21,348
pa,2025-05-10,2025-05-23,351
pa,2025-05-10,2025-05-28,373
pa,2025-05-10,2025-05-30,380
pa,2025-05-10,2025-06-04,402
pa,2025-05-10,2025-06-06,401
pa,2025-05-10,2025-06-11,420
pa,2025-05-10,2025-06-13,425
pa,2025-05-10,2025-06-18,428
pa,2025-05-10,2025-06-20,428
pa,2025-05-10,2025-06-25,428
pa,2025-05-10,2025-06-27,428
pa,2025-05-10,2025-07-02,428
pa,2025-05-10,2025-07-07,428
pa,2025-05-10,2025-07-09,428
pa,2025-05-10,2025-07-11,428
pa,2025-05-10,2025-07-16,428
pa,2025-05-10,2025-07-18,428
pa,2025-05-10,2025-07-23,428
pa,2025-05-10,2025-07-25,428
pa,2025-05-10,2025-07-30,428
pa,2025-05-10,2025-08-01,428
pa,2025-05-10,2025-08-06,428
pa,2025-05-10,2025-08-08,428
pa,2025-05-10,2025-08-13,428
pa,2025-05-10,2025-08-15,428
pa,2025-05-10,2025-08-20,428
pa,2025-05-10,2025-08-22,428
pa,2025-05-10,2025-08-27,428
pa,2025-05-10,2025-08-29,428
pa,2025-05-10,2025-09-03,428
pa,2025-05-10,2025-09-05,428
pa,2025-05-10,2025-09-10,428
pa,2025-05-10,2025-09-12,428
pa,2025-05-10,2025-09-17,428
pa,2025-05-10,2025-09-19,428
pa,2025-05-10,2025-09-24,428
pa,2025-05-10,2025-09-26,428
pa,2025-05-10,2025-11-14,428
pa,2025-05-10,2025-11-19,428
pa,2025-05-10,2025-11-21,428
pa,2025-05-10,2025-11-26,428
pa,2025-05-10,2025-12-01,428
pa,2025-05-10,2025-12-03,428
pa,2025-05-10,2025-12-05,428
pa,2025-05-10,2025-12-10,428
pa,2025-05-10,2025-12-12,428
pa,2025-05-10,2025-12-17,428
pa,2025-05-10,2025-12-19,428
pa,2025-05-10,2025-12-24,428
pa,2025-05-10,2025-12-30,428
pa,2025-05-10,2025-12-31,428
pa,2025-05-17,2025-05-21,153
pa,2025-05-17,2025-05-23,152
pa,2025-05-17,2025-05-28,160
pa,2025-05-17,2025-05-30,154
pa,2025-05-17,2025-06-04,154
pa,2025-05-17,2025-06-06,159
pa,2025-05-17,2025-06-11,161
pa,2025-05-17,2025-06-13,157
pa,2025-05-17,2025-06-18,158
pa,2025-05-17,2025-06-20,159
pa,2025-05-17,2025-06-25,159
pa,2025-05-17,2025-06-27,159
pa,2025-05-17,2025-07-02,159
pa,2025-05-17,2025-07-07,159
pa,2025-05-17,2025-07-09,159
pa,2025-05-17,2025-07-11,159
pa,2025-05-17,2025-07-16,159
pa,2025-05-17,2025-07-18,159
pa,2025-05-17,2025-07-23,159
pa,2025-05-17,2025-07-25,159
pa,2025-05-17,2025-07-30,159
pa,2025-05-17,2025-08-01,159
pa,2025-05-17,2025-08-06,159
pa,2025-05-17,2025-08-08,159
pa,2025-05-17,2025-08-13,159
pa,2025-05-17,2025-08-15,159
pa,2025-05-17,2025-08-20,159
pa,2025-05-17,2025-08-22,159
pa,2025-05-17,2025-08-27,159
pa,2025-05-17,2025-08-29,159
pa,2025-05-17,2025-09-03,159
pa,2025-05-17,2025-09-05,159
pa,2025-05-17,2025-09-10,159
pa,2025-05-17,2025-09-12,159
pa,2025-05-17,2025-09-17,159
pa,2025-05-17,2025-09-19,159
pa,2025-05-17,2025-09-24,159
pa,2025-05-17,2025-09-26,159
pa,2025-05-17,2025-11-14,159
pa,2025-05-17,2025-11-19,159
pa,2025-05-17,2025-11-21,159
pa,2025-05-17,2025-11-26,159
pa,2025-05-17,2025-12-01,159
pa,2025-05-17,2025-12-03,159
pa,2025-05-17,2025-12-05,159
pa,2025-05-17,2025-12-10,159
pa,2025-05-17,2025-12-12,159
pa,2025-05-17,2025-12-17,159
pa,2025-05-17,2025-12-19,159
pa,2025-05-17,2025-12-24,159
pa,2025-05-17,2025-12-30,159
pa,2025-05-17,2025-12-31,159
pa,2025-05-24,2025-05-28,299
pa,2025-05-24,2025-05-30,307
pa,2025-05-24,2025-06-04,322
pa,2025-05-24,2025-06-06,318
pa,2025-05-24,2025-06-11,337
pa,2025-05-24,2025-06-13,343
pa,2025-05-24,2025-06-18,335
pa,2025-05-24,2025-06-20,346
pa,2025-05-24,2025-06-25,347
pa,2025-05-24,2025-06-27,350
pa,2025-05-24,2025-07-02,351
pa,2025-05-24,2025-07-07,351
pa,2025-05-24,2025-07-09,351
pa,2025-05-24,2025-07-11,351
pa,2025-05-24,2025-07-16,351
pa,2025-05-24,2025-07-18,351
pa,2025-05-24,2025-07-23,351
pa,2025-05-24,2025-07-25,351
pa,2025-05-24,2025-07-30,351
pa,2025-05-24,2025-08-01,351
pa,2025-05-24,2025-08-06,351
pa,2025-05-24,2025-08-08,351
pa,2025-05-24,2025-08-13,351
pa,2025-05-24,2025-08-15,351
pa,2025-05-24,2025-08-20,351
pa,2025-05-24,2025-08-22,351
pa,2025-05-24,2025-08-27,351
pa,2025-05-24,2025-08-29,351
pa,2025-05-24,2025-09-03,351
pa,2025-05-24,2025-09-05,351
pa,2025-05-24,2025-09-10,351
pa,2025-05-24,2025-09-12,351
pa,2025-05-24,2025-09-17,351
pa,2025-05-24,2025-09-19,351
pa,2025-05-24,2025-09-24,351
pa,2025-05-24,2025-09-26,351
pa,2025-05-24,2025-11-14,351
pa,2025-05-24,2025-11-19,351
pa,2025-05-24,2025-11-21,351
pa,2025-05-24,2025-11-26,351
pa,2025-05-24,2025-12-01,351
pa,2025-05-24,2025-12-03,351
pa,2025-05-24,2025-12-05,351
pa,2025-05-24,2025-12-10,351
pa,2025-05-24,2025-12-12,351
pa,2025-05-24,2025-12-17,351
pa,2025-05-24,2025-12-19,351
pa,2025-05-24,2025-12-24,351
pa,2025-05-24,2025-12-30,351
pa,2025-05-24,2025-12-31,351
pa,2025-05-31,2025-06-04,208
pa,2025-05-31,2025-06-06,207
pa,2025-05-31,2025-06-11,212
pa,2025-05-31,2025-06-13,222
pa,2025-05-31,2025-06-18,228
pa,2025-05-31,2025-06-20,230
pa,2025-05-31,2025-06-25,242
pa,2025-05-31,2025-06-27,242
pa,2025-05-31,2025-07-02,253
pa,2025-05-31,2025-07-07,260
pa,2025-05-31,2025-07-09,260
pa,2025-05-31,2025-07-11,260
pa,2025-05-31,2025-07-16,260
pa,2025-05-31,2025-07-18,260
pa,2025-05-31,2025-07-23,260
pa,2025-05-31,2025-07-25,260
pa,2025-05-31,2025-07-30,260
pa,2025-05-31,2025-08-01,260
pa,2025-05-31,2025-08-06,260
pa,2025-05-31,2025-08-08,260
pa,2025-05-31,2025-08-13,260
pa,2025-05-31,2025-08-15,260
pa,2025-05-31,2025-08-20,260
pa,2025-05-31,2025-08-22,260
pa,2025-05-31,2025-08-27,260
pa,2025-05-31,2025-08-29,260
pa,2025-05-31,2025-09-03,260
pa,2025-05-31,2025-09-05,260
pa,2025-05-31,2025-09-10,260
pa,2025-05-31,2025-09-12,260
pa,2025-05-31,2025-09-17,260
pa,2025-05-31,2025-09-19,260
pa,2025-05-31,2025-09-24,260
pa,2025-05-31,2025-09-26,260
pa,2025-05-31,2025-11-14,260
pa,2025-05-31,2025-11-19,260
pa,2025-05-31,2025-11-21,260
pa,2025-05-31,2025-11-26,260
pa,2025-05-31,2025-12-01,260
pa,2025-05-31,2025-12-03,260
pa,2025-05-31,2025-12-05,260
pa,2025-05-31,2025-12-10,260
pa,2025-05-31,2025-12-12,260
pa,2025-05-31,2025-12-17,260
pa,2025-05-31,2025-12-19,260
pa,2025-05-31,2025-12-24,260
pa,2025-05-31,2025-12-30,260
pa,2025-05-31,2025-12-31,260
pa,2025-06-07,2025-06-11,342
pa,2025-06-07,2025-06-13,338
pa,2025-06-07,2025-06-18,355
pa,2025-06-07,2025-06-20,343
pa,2025-06-07,2025-06-25,349
pa,2025-06-07,2025-06-27,341
pa,2025-06-07,2025-07-02,353
pa,2025-06-07,2025-07-07,349
pa,2025-06-07,2025-07-09,351
pa,2025-06-07,2025-07-11,353
pa,2025-06-07,2025-07-16,353
pa,2025-06-07,2025-07-18,353
pa,2025-06-07,2025-07-23,353
pa,2025-06-07,2025-07-25,353
pa,2025-06-07,2025-07-30,353
pa,2025-06-07,2025-08-01,353
pa,2025-06-07,2025-08-06,353
pa,2025-06-07,2025-08-08,353
pa,2025-06-07,2025-08-13,353
pa,2025-06-07,2025-08-15,353
pa,2025-06-07,2025-08-20,353
pa,2025-06-07,2025-08-22,353
pa,2025-06-07,2025-08-27,353
pa,2025-06-07,2025-08-29,353
pa,2025-06-07,2025-09-03,353
pa,2025-06-07,2025-09-05,353
pa,2025-06-07,2025-09-10,353
pa,2025-06-07,2025-09-12,353
pa,2025-06-07,2025-09-17,353
pa,2025-06-07,2025-09-19,353
pa,2025-06-07,2025-09-24,353
pa,2025-06-07,2025-09-26,353
pa,2025-06-07,2025-11-14,353
pa,2025-06-07,2025-11-19,353
pa,2025-06-07,2025-11-21,353
pa,2025-06-07,2025-11-26,353
pa,2025-06-07,2025-12-01,353
pa,2025-06-07,2025-12-03,353
pa,2025-06-07,2025-12-05,353
pa,2025-06-07,2025-12-10,353
pa,2025-06-07,2025-12-12,353
pa,2025-06-07,2025-12-17,353
pa,2025-06-07,2025-12-19,353
pa,2025-06-07,2025-12-24,353
pa,2025-06-07,2025-12-30,353
pa,2025-06-07,2025-12-31,353
pa,2025-06-14,2025-06-18,338
pa,2025-06-14,2025-06-20,351
pa,2025-06-14,2025-06-25,375
pa,2025-06-14,2025-06-27,376
pa,2025-06-14,2025-07-02,361
pa,2025-06-14,2025-07-07,375
pa,2025-06-14,2025-07-09,383
pa,2025-06-14,2025-07-11,385
pa,2025-06-14,2025-07-16,387
pa,2025-06-14,2025-07-18,386
pa,2025-06-14,2025-07-23,388
pa,2025-06-14,2025-07-25,388
pa,2025-06-14,2025-07-30,388
pa,2025-06-14,2025-08-01,388
pa,2025-06-14,2025-08-06,388
pa,2025-06-14,2025-08-08,388
pa,2025-06-14,2025-08-13,388
pa,2025-06-14,2025-08-15,388
pa,2025-06-14,2025-08-20,388
pa,2025-06-14,2025-08-22,388
pa,2025-06-14,2025-08-27,388
pa,2025-06-14,2025-08-29,388
pa,2025-06-14,2025-09-03,388
pa,2025-06-14,2025-09-05,388
pa,2025-06-14,2025-09-10,388
pa,2025-06-14,2025-09-12,388
pa,2025-06-14,2025-09-17,388
pa,2025-06-14,2025-09-19,388
pa,2025-06-14,2025-09-24,388
pa,2025-06-14,2025-09-26,388
pa,2025-06-14,2025-11-14,388
pa,2025-06-14,2025-11-19,388
pa,2025-06-14,2025-11-21,388
pa,2025-06-14,2025-11-26,388
pa,2025-06-14,2025-12-01,388
pa,2025-06-14,2025-12-03,388
pa,2025-06-14,2025-12-05,388
pa,2025-06-14,2025-12-10,388
pa,2025-06-14,2025-12-12,388
pa,2025-06-14,2025-12-17,388
pa,2025-06-14,2025-12-19,388
pa,2025-06-14,2025-12-24,388
pa,2025-06-14,2025-12-30,388
pa,2025-06-14,2025-12-31,388
pa,2025-06-21,2025-06-25,506
pa,2025-06-21,2025-06-27,503
pa,2025-06-21,2025-07-02,466
pa,2025-06-21,2025-07-07,472
pa,2025-06-21,2025-07-09,476
pa,2025-06-21,2025-07-11,477
pa,2025-06-21,2025-07-16,470
pa,2025-06-21,2025-07-18,462
pa,2025-06-21,2025-07-23,462
pa,2025-06-21,2025-07-25,460
pa,2025-06-21,2025-07-30,459
pa,2025-06-21,2025-08-01,459
pa,2025-06-21,2025-08-06,459
pa,2025-06-21,2025-08-08,459
pa,2025-06-21,2025-08-13,459
pa,2025-06-21,2025-08-15,459
pa,2025-06-21,2025-08-20,459
pa,2025-06-21,2025-08-22,459
pa,2025-06-21,2025-08-27,459
pa,2025-06-21,2025-08-29,459
pa,2025-06-21,2025-09-03,459
pa,2025-06-21,2025-09-05,459
pa,2025-06-21,2025-09-10,459
pa,2025-06-21,2025-09-12,459
pa,2025-06-21,2025-09-17,459
pa,2025-06-21,2025-09-19,459
pa,2025-06-21,2025-09-24,459
pa,2025-06-21,2025-09-26,459
pa,2025-06-21,2025-11-14,459
pa,2025-06-21,2025-11-19,459
pa,2025-06-21,2025-11-21,459
pa,2025-06-21,2025-11-26,459
pa,2025-06-21,2025-12-01,459
pa,2025-06-21,2025-12-03,459
pa,2025-06-21,2025-12-05,459
pa,2025-06-21,2025-12-10,459
pa,2025-06-21,2025-12-12,459
pa,2025-06-21,2025-12-17,459
pa,2025-06-21,2025-12-19,459
pa,2025-06-21,2025-12-24,459
pa,2025-06-21,2025-12-30,459
pa,2025-06-21,2025-12-31,459
pa,2025-06-28,2025-07-02,142
pa,2025-06-28,2025-07-07,134
pa,2025-06-28,2025-07-09,137
pa,2025-06-28,2025-07-11,149
pa,2025-06-28,2025-07-16,156
pa,2025-06-28,2025-07-18,152
pa,2025-06-28,2025-07-23,164
pa,2025-06-28,2025-07-25,165
pa,2025-06-28,2025-07-30,172
pa,2025-06-28,2025-08-01,175
pa,2025-06-28,2025-08-06,177
pa,2025-06-28,2025-08-08,177
pa,2025-06-28,2025-08-13,177
pa,2025-06-28,2025-08-15,177
pa,2025-06-28,2025-08-20,177
pa,2025-06-28,2025-08-22,177
pa,2025-06-28,2025-08-27,177
pa,2025-06-28,2025-08-29,177
pa,2025-06-28,2025-09-03,177
pa,2025-06-28,2025-09-05,177
pa,2025-06-28,2025-09-10,177
pa,2025-06-28,2025-09-12,177
pa,2025-06-28,2025-09-17,177
pa,2025-06-28,2025-09-19,177
pa,2025-06-28,2025-09-24,177
pa,2025-06-28,2025-09-26,177
pa,2025-06-28,2025-11-14,177
pa,2025-06-28,2025-11-19,177
pa,2025-06-28,2025-11-21,177
pa,2025-06-28,2025-11-26,177
pa,2025-06-28,2025-12-01,177
pa,2025-06-28,2025-12-03,177
pa,2025-06-28,2025-12-05,177
pa,2025-06-28,2025-12-10,177
pa,2025-06-28,2025-12-12,177
pa,2025-06-28,2025-12-17,177
pa,2025-06-28,2025-12-19,177
pa,2025-06-28,2025-12-24,177
pa,2025-06-28,2025-12-30,177
pa,2025-06-28,2025-12-31,177
pa,2025-07-05,2025-07-09,194
pa,2025-07-05,2025-07-11,192
pa,2025-07-05,2025-07-16,191
pa,2025-07-05,2025-07-18,180
pa,2025-07-05,2025-07-23,183
pa,2025-07-05,2025-07-25,183
pa,2025-07-05,2025-07-30,188
pa,2025-07-05,2025-08-01,186
pa,2025-07-05,2025-08-06,186
pa,2025-07-05,2025-08-08,185
pa,2025-07-05,2025-08-13,185
pa,2025-07-05,2025-08-15,185
pa,2025-07-05,2025-08-20,185
pa,2025-07-05,2025-08-22,185
pa,2025-07-05,2025-08-27,185
pa,2025-07-05,2025-08-29,185
pa,2025-07-05,2025-09-03,185
pa,2025-07-05,2025-09-05,185
pa,2025-07-05,2025-09-10,185
pa,2025-07-05,2025-09-12,185
pa,2025-07-05,2025-09-17,185
pa,2025-07-05,2025-09-19,185
pa,2025-07-05,2025-09-24,185
pa,2025-07-05,2025-09-26,185
pa,2025-07-05,2025-11-14,185
pa,2025-07-05,2025-11-19,185
pa,2025-07-05,2025-11-21,185
pa,2025-07-05,2025-11-26,185
pa,2025-07-05,2025-12-01,185
pa,2025-07-05,2025-12-03,185
pa,2025-07-05,2025-12-05,185
pa,2025-07-05,2025-12-10,185
pa,2025-07-05,2025-12-12,185
pa,2025-07-05,2025-12-17,185
pa,2025-07-05,2025-12-19,185
pa,2025-07-05,2025-12-24,185
pa,2025-07-05,2025-12-30,185
pa,2025-07-05,2025-12-31,185
pa,2025-07-12,2025-07-16,225
pa,2025-07-12,2025-07-18,232
pa,2025-07-12,2025-07-23,235
pa,2025-07-12,2025-07-25,242
pa,2025-07-12,2025-07-30,248
pa,2025-07-12,2025-08-01,256
pa,2025-07-12,2025-08-06,261
pa,2025-07-12,2025-08-08,265
pa,2025-07-12,2025-08-13,269
pa,2025-07-12,2025-08-15,272
pa,2025-07-12,2025-08-20,273
pa,2025-07-12,2025-08-22,273
pa,2025-07-12,2025-08-27,273
pa,2025-07-12,2025-08-29,273
pa,2025-07-12,2025-09-03,273
pa,2025-07-12,2025-09-05,273
pa,2025-07-12,2025-09-10,273
pa,2025-07-12,2025-09-12,273
pa,2025-07-12,2025-09-17,273
pa,2025-07-12,2025-09-19,273
pa,2025-07-12,2025-09-24,273
pa,2025-07-12,2025-09-26,273
pa,2025-07-12,2025-11-14,273
pa,2025-07-12,2025-11-19,273
pa,2025-07-12,2025-11-21,273
pa,2025-07-12,2025-11-26,273
pa,2025-07-12,2025-12-01,273
pa,2025-07-12,2025-12-03,273
pa,2025-07-12,2025-12-05,273
pa,2025-07-12,2025-12-10,273
pa,2025-07-12,2025-12-12,273
pa,2025-07-12,2025-12-17,273
pa,2025-07-12,2025-12-19,273
pa,2025-07-12,2025-12-24,273
pa,2025-07-12,2025-12-30,273
pa,2025-07-12,2025-12-31,273
pa,2025-07-19,2025-07-23,119
pa,2025-07-19,2025-07-25,115
pa,2025-07-19,2025-07-30,122
pa,2025-07-19,2025-08-01,121
pa,2025-07-19,2025-08-06,121
pa,2025-07-19,2025-08-08,120
pa,2025-07-19,2025-08-13,117
pa,2025-07-19,2025-08-15,119
pa,2025-07-19,2025-08-20,117
pa,2025-07-19,2025-08-22,117
pa,2025-07-19,2025-08-27,117
pa,2025-07-19,2025-08-29,117
pa,2025-07-19,2025-09-03,117
pa,2025-07-19,2025-09-05,117
pa,2025-07-19,2025-09-10,117
pa,2025-07-19,2025-09-12,117
pa,2025-07-19,2025-09-17,117
pa,2025-07-19,2025-09-19,117
pa,2025-07-19,2025-09-24,117
pa,2025-07-19,2025-09-26,117
pa,2025-07-19,2025-11-14,117
pa,2025-07-19,2025-11-19,117
pa,2025-07-19,2025-11-21,117
pa,2025-07-19,2025-11-26,117
pa,2025-07-19,2025-12-01,117
pa,2025-07-19,2025-12-03,117
pa,2025-07-19,2025-12-05,117
pa,2025-07-19,2025-12-10,117
pa,2025-07-19,2025-12-12,117
pa,2025-07-19,2025-12-17,117
pa,2025-07-19,2025-12-19,117
pa,2025-07-19,2025-12-24,117
pa,2025-07-19,2025-12-30,117
pa,2025-07-19,2025-12-31,117
pa,2025-07-26,2025-07-30,197
pa,2025-07-26,2025-08-01,201
pa,2025-07-26,2025-08-06,191
pa,2025-07-26,2025-08-08,196
pa,2025-07-26,2025-08-13,200
pa,2025-07-26,2025-08-15,196
pa,2025-07-26,2025-08-20,198
pa,2025-07-26,2025-08-22,198
pa,2025-07-26,2025-08-27,200
pa,2025-07-26,2025-08-29,200
pa,2025-07-26,2025-09-03,200
pa,2025-07-26,2025-09-05,200
pa,2025-07-26,2025-09-10,200
pa,2025-07-26,2025-09-12,200
pa,2025-07-26,2025-09-17,200
pa,2025-07-26,2025-09-19,200
pa,2025-07-26,2025-09-24,200
pa,2025-07-26,2025-09-26,200
pa,2025-07-26,2025-11-14,200
pa,2025-07-26,2025-11-19,200
pa,2025-07-26,2025-11-21,200
pa,2025-07-26,2025-11-26,200
pa,2025-07-26,2025-12-01,200
pa,2025-07-26,2025-12-03,200
pa,2025-07-26,2025-12-05,200
pa,2025-07-26,2025-12-10,200
pa,2025-07-26,2025-12-12,200
pa,2025-07-26,2025-12-17,200
pa,2025-07-26,2025-12-19,200
pa,2025-07-26,2025-12-24,200
pa,2025-07-26,2025-12-30,200
pa,2025-07-26,2025-12-31,200
pa,2025-08-02,2025-08-06,123
pa,2025-08-02,2025-08-08,133
pa,2025-08-02,2025-08-13,139
pa,2025-08-02,2025-08-15,145
pa,2025-08-02,2025-08-20,154
pa,2025-08-02,2025-08-22,153
pa,2025-08-02,2025-08-27,157
pa,2025-08-02,2025-08-29,163
pa,2025-08-02,2025-09-03,169
pa,2025-08-02,2025-09-05,173
pa,2025-08-02,2025-09-10,174
pa,2025-08-02,2025-09-12,174
pa,2025-08-02,2025-09-17,174
pa,2025-08-02,2025-09-19,174
pa,2025-08-02,2025-09-24,174
pa,2025-08-02,2025-09-26,174
pa,2025-08-02,2025-11-14,174
pa,2025-08-02,2025-11-19,174
pa,2025-08-02,2025-11-21,174
pa,2025-08-02,2025-11-26,174
pa,2025-08-02,2025-12-01,174
pa,2025-08-02,2025-12-03,174
pa,2025-08-02,2025-12-05,174
pa,2025-08-02,2025-12-10,174
pa,2025-08-02,2025-12-12,174
pa,2025-08-02,2025-12-17,174
pa,2025-08-02,2025-12-19,174
pa,2025-08-02,2025-12-24,174
pa,2025-08-02,2025-12-30,174
pa,2025-08-02,2025-12-31,174
pa,2025-08-09,2025-08-13,224
pa,2025-08-09,2025-08-15,230
pa,2025-08-09,2025-08-20,230
pa,2025-08-09,2025-08-22,219
pa,2025-08-09,2025-08-27,230
pa,2025-08-09,2025-08-29,229
pa,2025-08-09,2025-09-03,224
pa,2025-08-09,2025-09-05,226
pa,2025-08-09,2025-09-10,230
pa,2025-08-09,2025-09-12,230
pa,2025-08-09,2025-09-17,230
pa,2025-08-09,2025-09-19,230
pa,2025-08-09,2025-09-24,230
pa,2025-08-09,2025-09-26,230
pa,2025-08-09,2025-11-14,230
pa,2025-08-09,2025-11-19,230
pa,2025-08-09,2025-11-21,230
pa,2025-08-09,2025-11-26,230
pa,2025-08-09,2025-12-01,230
pa,2025-08-09,2025-12-03,230
pa,2025-08-09,2025-12-05,230
pa,2025-08-09,2025-12-10,230
pa,2025-08-09,2025-12-12,230
pa,2025-08-09,2025-12-17,230
pa,2025-08-09,2025-12-19,230
pa,2025-08-09,2025-12-24,230
pa,2025-08-09,2025-12-30,230
pa,2025-08-09,2025-12-31,230
pa,2025-08-16,2025-08-20,94
pa,2025-08-16,2025-08-22,89
pa,2025-08-16,2025-08-27,103
pa,2025-08-16,2025-08-29,106
pa,2025-08-16,2025-09-03,109
pa,2025-08-16,2025-09-05,114
pa,2025-08-16,2025-09-10,119
pa,2025-08-16,2025-09-12,121
pa,2025-08-16,2025-09-17,128
pa,2025-08-16,2025-09-19,130
pa,2025-08-16,2025-09-24,131
pa,2025-08-16,2025-09-26,131
pa,2025-08-16,2025-11-14,131
pa,2025-08-16,2025-11-19,131
pa,2025-08-16,2025-11-21,131
pa,2025-08-16,2025-11-26,131
pa,2025-08-16,2025-12-01,131
pa,2025-08-16,2025-12-03,131
pa,2025-08-16,2025-12-05,131
pa,2025-08-16,2025-12-10,131
pa,2025-08-16,2025-12-12,131
pa,2025-08-16,2025-12-17,131
pa,2025-08-16,2025-12-19,131
pa,2025-08-16,2025-12-24,131
pa,2025-08-16,2025-12-30,131
pa,2025-08-16,2025-12-31,131
pa,2025-08-23,2025-08-27,194
pa,2025-08-23,2025-08-29,193
pa,2025-08-23,2025-09-03,186
pa,2025-08-23,2025-09-05,197
pa,2025-08-23,2025-09-10,198
pa,2025-08-23,2025-09-12,194
pa,2025-08-23,2025-09-17,193
pa,2025-08-23,2025-09-19,196
pa,2025-08-23,2025-09-24,196
pa,2025-08-23,2025-09-26,195
pa,2025-08-23,2025-11-14,195
pa,2025-08-23,2025-11-19,195
pa,2025-08-23,2025-11-21,195
pa,2025-08-23,2025-11-26,195
pa,2025-08-23,2025-12-01,195
pa,2025-08-23,2025-12-03,195
pa,2025-08-23,2025-12-05,195
pa,2025-08-23,2025-12-10,195
pa,2025-08-23,2025-12-12,195
pa,2025-08-23,2025-12-17,195
pa,2025-08-23,2025-12-19,195
pa,2025-08-23,2025-12-24,195
pa,2025-08-23,2025-12-30,195
pa,2025-08-23,2025-12-31,195
pa,2025-08-30,2025-09-03,403
pa,2025-08-30,2025-09-05,397
pa,2025-08-30,2025-09-10,382
pa,2025-08-30,2025-09-12,401
pa,2025-08-30,2025-09-17,389
pa,2025-08-30,2025-09-19,399
pa,2025-08-30,2025-09-24,399
pa,2025-08-30,2025-09-26,405
pa,2025-08-30,2025-11-14,408
pa,2025-08-30,2025-11-19,408
pa,2025-08-30,2025-11-21,408
pa,2025-08-30,2025-11-26,408
pa,2025-08-30,2025-12-01,408
pa,2025-08-30,2025-12-03,408
pa,2025-08-30,2025-12-05,408
pa,2025-08-30,2025-12-10,408
pa,2025-08-30,2025-12-12,408
pa,2025-08-30,2025-12-17,408
pa,2025-08-30,2025-12-19,408
pa,2025-08-30,2025-12-24,408
pa,2025-08-30,2025-12-30,408
pa,2025-08-30,2025-12-31,408
pa,2025-09-06,2025-09-10,211
pa,2025-09-06,2025-09-12,235
pa,2025-09-06,2025-09-17,231
pa,2025-09-06,2025-09-19,229
pa,2025-09-06,2025-09-24,249
pa,2025-09-06,2025-09-26,243
pa,2025-09-06,2025-11-14,271
pa,2025-09-06,2025-11-19,271
pa,2025-09-06,2025-11-21,271
pa,2025-09-06,2025-11-26,271
pa,2025-09-06,2025-12-01,271
pa,2025-09-06,2025-12-03,271
pa,2025-09-06,2025-12-05,271
pa,2025-09-06,2025-12-10,271
pa,2025-09-06,2025-12-12,271
pa,2025-09-06,2025-12-17,271
pa,2025-09-06,2025-12-19,271
pa,2025-09-06,2025-12-24,271
pa,2025-09-06,2025-12-30,271
pa,2025-09-06,2025-12-31,271
pa,2025-09-13,2025-09-17,85
pa,2025-09-13,2025-09-19,88
pa,2025-09-13,2025-09-24,87
pa,2025-09-13,2025-09-26,87
pa,2025-09-13,2025-11-14,96
pa,2025-09-13,2025-11-19,96
pa,2025-09-13,2025-11-21,96
pa,2025-09-13,2025-11-26,96
pa,2025-09-13,2025-12-01,96
pa,2025-09-13,2025-12-03,96
pa,2025-09-13,2025-12-05,96
pa,2025-09-13,2025-12-10,96
pa,2025-09-13,2025-12-12,96
pa,2025-09-13,2025-12-17,96
pa,2025-09-13,2025-12-19,96
pa,2025-09-13,2025-12-24,96
pa,2025-09-13,2025-12-30,96
pa,2025-09-13,2025-12-31,96
pa,2025-09-20,2025-09-24,303
pa,2025-09-20,2025-09-26,288
pa,2025-09-20,2025-11-14,322
pa,2025-09-20,2025-11-19,322
pa,2025-09-20,2025-11-21,322
pa,2025-09-20,2025-11-26,322
pa,2025-09-20,2025-12-01,322
pa,2025-09-20,2025-12-03,322
pa,2025-09-20,2025-12-05,322
pa,2025-09-20,2025-12-10,322
pa,2025-09-20,2025-12-12,322
pa,2025-09-20,2025-12-17,322
pa,2025-09-20,2025-12-19,322
pa,2025-09-20,2025-12-24,322
pa,2025-09-20,2025-12-30,322
pa,2025-09-20,2025-12-31,322
pa,2025-09-27,2025-11-14,121
pa,2025-09-27,2025-11-19,121
pa,2025-09-27,2025-11-21,121
pa,2025-09-27,2025-11-26,121
pa,2025-09-27,2025-12-01,121
pa,2025-09-27,2025-12-03,121
pa,2025-09-27,2025-12-05,121
pa,2025-09-27,2025-12-10,121
pa,2025-09-27,2025-12-12,121
pa,2025-09-27,2025-12-17,121
pa,2025-09-27,2025-12-19,121
pa,2025-09-27,2025-12-24,121
pa,2025-09-27,2025-12-30,121
pa,2025-09-27,2025-12-31,121
pa,2025-10-04,2025-11-14,274
pa,2025-10-04,2025-11-19,274
pa,2025-10-04,2025-11-21,274
pa,2025-10-04,2025-11-26,274
pa,2025-10-04,2025-12-01,274
pa,2025-10-04,2025-12-03,274
pa,2025-10-04,2025-12-05,274
pa,2025-10-04,2025-12-10,274
pa,2025-10-04,2025-12-12,274
pa,2025-10-04,2025-12-17,274
pa,2025-10-04,2025-12-19,274
pa,2025-10-04,2025-12-24,274
pa,2025-10-04,2025-12-30,274
pa,2025-10-04,2025-12-31,274
pa,2025-10-11,2025-11-14,136
pa,2025-10-11,2025-11-19,137
pa,2025-10-11,2025-11-21,137
pa,2025-10-11,2025-11-26,137
pa,2025-10-11,2025-12-01,137
pa,2025-10-11,2025-12-03,137
pa,2025-10-11,2025-12-05,137
pa,2025-10-11,2025-12-10,137
pa,2025-10-11,2025-12-12,137
pa,2025-10-11,2025-12-17,137
pa,2025-10-11,2025-12-19,137
pa,2025-10-11,2025-12-24,137
pa,2025-10-11,2025-12-30,137
pa,2025-10-11,2025-12-31,137
pa,2025-10-18,2025-11-14,113
pa,2025-10-18,2025-11-19,113
pa,2025-10-18,2025-11-21,113
pa,2025-10-18,2025-11-26,113
pa,2025-10-18,2025-12-01,113
pa,2025-10-18,2025-12-03,113
pa,2025-10-18,2025-12-05,113
pa,2025-10-18,2025-12-10,113
pa,2025-10-18,2025-12-12,113
pa,2025-10-18,2025-12-17,113
pa,2025-10-18,2025-12-19,113
pa,2025-10-18,2025-12-24,113
pa,2025-10-18,2025-12-30,113
pa,2025-10-18,2025-12-31,113
pa,2025-10-25,2025-11-14,438
pa,2025-10-25,2025-11-19,438
pa,2025-10-25,2025-11-21,445
pa,2025-10-25,2025-11-26,452
pa,2025-10-25,2025-12-01,457
pa,2025-10-25,2025-12-03,457
pa,2025-10-25,2025-12-05,457
pa,2025-10-25,2025-12-10,457
pa,2025-10-25,2025-12-12,457
pa,2025-10-25,2025-12-17,457
pa,2025-10-25,2025-12-19,457
pa,2025-10-25,2025-12-24,457
pa,2025-10-25,2025-12-30,457
pa,2025-10-25,2025-12-31,457
pa,2025-11-01,2025-11-14,482
pa,2025-11-01,2025-11-19,477
pa,2025-11-01,2025-11-21,469
pa,2025-11-01,2025-11-26,466
pa,2025-11-01,2025-12-01,458
pa,2025-11-01,2025-12-03,461
pa,2025-11-01,2025-12-05,460
pa,2025-11-01,2025-12-10,459
pa,2025-11-01,2025-12-12,459
pa,2025-11-01,2025-12-17,459
pa,2025-11-01,2025-12-19,459
pa,2025-11-01,2025-12-24,459
pa,2025-11-01,2025-12-30,459
pa,2025-11-01,2025-12-31,459
pa,2025-11-08,2025-11-14,145
pa,2025-11-08,2025-11-19,145
pa,2025-11-08,2025-11-21,150
pa,2025-11-08,2025-11-26,149
pa,2025-11-08,2025-12-01,144
pa,2025-11-08,2025-12-03,145
pa,2025-11-08,2025-12-05,149
pa,2025-11-08,2025-12-10,149
pa,2025-11-08,2025-12-12,149
pa,2025-11-08,2025-12-17,149
pa,2025-11-08,2025-12-19,149
pa,2025-11-08,2025-12-24,149
pa,2025-11-08,2025-12-30,149
pa,2025-11-08,2025-12-31,149
pa,2025-11-15,2025-11-19,233
pa,2025-11-15,2025-11-21,239
pa,2025-11-15,2025-11-26,250
pa,2025-11-15,2025-12-01,282
pa,2025-11-15,2025-12-03,272
pa,2025-11-15,2025-12-05,286
pa,2025-11-15,2025-12-10,297
pa,2025-11-15,2025-12-12,302
pa,2025-11-15,2025-12-17,320
pa,2025-11-15,2025-12-19,325
pa,2025-11-15,2025-12-24,328
pa,2025-11-15,2025-12-30,328
pa,2025-11-15,2025-12-31,328
pa,2025-11-22,2025-11-26,526
pa,2025-11-22,2025-12-01,498
pa,2025-11-22,2025-12-03,514
pa,2025-11-22,2025-12-05,497
pa,2025-11-22,2025-12-10,507
pa,2025-11-22,2025-12-12,497
pa,2025-11-22,2025-12-17,503
pa,2025-11-22,2025-12-19,493
pa,2025-11-22,2025-12-24,491
pa,2025-11-22,2025-12-30,487
pa,2025-11-22,2025-12-31,487
pa,2025-11-29,2025-12-03,392
pa,2025-11-29,2025-12-05,384
pa,2025-11-29,2025-12-10,373
pa,2025-11-29,2025-12-12,402
pa,2025-11-29,2025-12-17,402
pa,2025-11-29,2025-12-19,401
pa,2025-11-29,2025-12-24,401
pa,2025-11-29,2025-12-30,417
pa,2025-11-29,2025-12-31,418
pa,2025-12-06,2025-12-10,273
pa,2025-12-06,2025-12-12,265
pa,2025-12-06,2025-12-17,281
pa,2025-12-06,2025-12-19,279
pa,2025-12-06,2025-12-24,281
pa,2025-12-06,2025-12-30,293
pa,2025-12-06,2025-12-31,296
pa,2025-12-13,2025-12-17,226
pa,2025-12-13,2025-12-19,242
pa,2025-12-13,2025-12-24,250
pa,2025-12-13,2025-12-30,284
pa,2025-12-13,2025-12-31,279
pa,2025-12-20,2025-12-24,163
pa,2025-12-20,2025-12-30,159
pa,2025-12-20,2025-12-31,162
pa,2025-12-27,2025-12-31,97
